[

	{
		"id":"sunnyfield",
		"name":"sunny field",
		"level":1,
		"length":10,
		"require":"evt_helper",
		"run":{
			"stamina":0.4
		},
		"result":{
			"gold":"5~10"
		},
		"loot":{
			"maxlevel":1
		},
		"boss":"kakapo",
		"spawns":[
			"gardengnome",
			["newt","newt","newt"],
			"lgmouse",
			"bigstone",
			"stingybee",
			"smsnake",
			"twikman"
		],"flavor":"every budding mage needs to start somewhere."

	},
	{
		"id":"placidgrove",
		"name":"placid grove",
		"require":"sunnyfield",
		"level":2,
		"length":12,
		"run":{
			"stamina":0.5
		},
		"result":{
			"gold":"7~14"
		},
		"loot":{
			"maxlevel":2
		},
		"spawns":[

			["stingybee","stingybee"],
			"lgrat",
			"smbox",
			"gremlin",
			"angrybird",
			"smsnake"

		], "desc":"An idyllic grove for a walk or long nap."

	},
	{
		"id":"pestcontrol",
		"name":"Leaky Cellar",
		"require":"g.sunnyfield>0&&(g.apprentice.value>0||g.neophyte.value>0)",
		"start":{

			"name":"Pest Control",
			"desc":"After your daily castigation, your master mentions the rats in the basement have become a problem. Something about stolen shortswords and building barricades. You had better go down and deal with it."

		},
		"repeat":false,
		"level":3,
		"length":25,
		"dist":0,
		"run":{
			"stamina":1
		},
		"result":{
			"sp":1,
			"gold":"15~20",
			"player.exp":10,
			"title":"master of the cellar"
		},
		"loot":{
			"maxlevel":4
		},
		"log":{
			"name":"Pests Clear",
			"desc":"With the basement cleared your master will have more room to stash all the gold you've been earning."
		},
		"boss":"ratking",
		"spawns":[
			["lgmouse","lgmouse"],
			"lgrat",
			"badexperiment",
			"ratskeleton",
			"homunculus",
			"gremlin"
		]
	},
	{
		"id":"stonyhills",
		"alias":"hills",
		"name":"stony hills",
		"require":"placidgrove",
		"level":3,
		"length":25,
		"run":{
			"stamina":0.75
		},
		"result":{
			"gold":"10~15"
		},
		"loot":{
			"maxlevel":3
		},
		"biome":"hills",
		"spawns":[

			"coyote",
			"warthog",
			"kobold",
			"goblin",
			"smbox",
			["bat","bat","bat"],
			["twikman","twikman"],
			"bigstone",
			"hawk"

		]

	},
	{
		"id":"ettinmarchcamp",
		"name":"ettinmarch camp",
		"desc":"The perilous wilds of the Ettinmarch are a cherished home to bands of merry rangers and virtuous druids.",
		"require":"evt_rangers",
		"title":"forest scourge",
		"max":1,
		"level":15,
		"length":200,
		"run":{
			"stamina":2
		},
		"result":{
			"herbs":"3~7",
			"gems":"0~2"
		},
		"boss":["eledin","gildella"],
		"spawns":[
			["ranger","ranger"],
			["elf","elf","elf","elf"],
			"beserker",
			["roc","m_druid","roc"],
			["ranger","gryffon"],
			["m_druid","m_druid"],
			"ent",
			["bear","bear","bear","ranger"],
			"direbear",
			"highranger",
			["elf","highelf"],
			["slinger","direbear"]
		]
	},
	{
		"id":"fetidbarrow",
		"name":"the fetid barrows",
		"desc":"When the fetid barrows were discovered, dark acolytes gathered at the mounds seeking ancient patrons of their art.",
		"require":"evt_cabal",
		"max":1,
		"level":15,
		"length":200,
		"run":{
			"stamina":2
		},
		"result":{
			"title":"cabal breaker",
			"bones":"3~7",
			"bodies":"0~2"
		},
		"boss":"palus",
		"spawns":[
			["evilpriest","evilpriest","evilpriest"],
			["corpse","corpse","skeleton","corpse"],
			["ghost","ghost","wraith"],
			["evilpriest","greaterzombie"],
			["undeadhorror","undeadhorror"],
			["wight","wight","ghast"],
			"vampiremaster",
			"skellord",
			["m_hierophant","evilpriest","evilpriest"],
			["blasphemer", "blasphemer"],
			"wraith",
			["ghoul","ghoul","ghast","evilpriest"]
		]
	},
	{
		"id":"treffilwoods",
		"name":"treffil woods",
		"desc":"These enchanted woods are not particularly dangerous.",
		"dist":17,
		"level":4,
		"length":20,
		"run":{
			"stamina":1
		},
		"result":{
			"herbs":"3~7",
			"gems":"0~2"
		},
		"boss":"gobchief",
		"spawns":[
			["goblin","goblin"],
			"gardengnome",
			"wombat",
			"slime",
			"hobgoblin",
			"ranger",
			"elf",
			"slinger"
		],"loot":{"maxlevel":4}
	},
	{
		"id":"underden",
		"name":"under den",
		"desc":"proverbial den of thieves",
		"require":"tier0",
		"level":5,
		"run":{
			"stamina":1
		},
		"result":{
			"gold":"25~40"
		},
		"boss":"banditlord",
		"spawns":[
			"cutpurse",
			"bandit",
			["bat","bat","bat","bat"],
			"cutpurse",
			"bandit",
			"cutpurse"
		]

	},
	{
		"id":"veldranswreck",
		"name":"veldran's wreck",
		"desc":"Off the stormy cliffs of Arazor a mass of cracked spars marks the resting place of the largest ship ever sailed by man.",
		"require":"g.waterlore.max>=10&&g.aragheights>0",
		"level":7,
		"length":75,
		"bars":"breath",
		"run":{
			"stamina":1
		},
		"effect":{
			"breath":-2
		},
		"result":{
			"gold":"50~75",
			"watergem":"50%",
			"gems":10,
			"veldranearring":"5%"
		},
		"spawns":[
			"eel",
			"jellyfish",
			"ghost",
			"barracuda",
			"piranha",
			"electriceel"
		]

	},
	{
		"id":"aragheights",
		"name":"arag heights",
		"desc":"Barren mountains on the coast of Arazor.",
		"require":"stonyhills",
		"level":6,
		"run":{
			"stamina":1
		},
		"boss":"roc",
		"result":{
			"gold":"20~30"
		},
		"spawns":[
			"lgbird",
			["kobold","kobold","kobold"],
			"orc",
			"bandit",
			"wolf",
			"hawk",
			"goblin",
			"coyote"
		]

	},
	{
		"id":"hauntedmanor",
		"name":"haunted manor",
		"desc":"",
		"require":"g.spirit.max>=9",
		"level":6,
		"run":{
			"stamina":1
		},
		"length":30,
		"result":{
			"gold":"20~30"
		},
		"boss":"poltergeist",
		"spawns":[
			"ghost",
			"ghost",
			"zombie",
			"skeleton",
			"skeleton",
			"direrat"
		]

	},
	{
		"id":"sereditetemple",
		"name":"seredite temple",
		"desc":"who they were or why they built this ruined temple in the seaside cliffs is a mystery lost to time.",
		"level":8,
		"run":{
			"stamina":1.2
		},
		"result":{
			"gold":"20~30",
			"gems":"4~5"
		},
		"spawns":[
			"naga",
			["raven","raven","raven","raven"],
			"medusa",
			["naga","naga"],
			"shriekingeel",
			"naga",
			"magicblade",
			"evilpriest",
			["eel","eel"],
			["crab","crab"]
		],"flavor":"would the ancient seredites appreciate the temple's new inhabitants?"

	},
	{
		"id":"goblincamp",
		"name":"goblin camp",
		"start":{

			"name":"Goblins, Goblins!",
			"desc":"Rumors hint at a camp of goblins in the vicinity. As an aspiring wizard, convention dictates you test your mettle on their lives."

		},
		"desc":"The pesky creatures are everywhere.",
		"require":"g.treffilwoods>0&&g.player.level>=4&&g.dist>=25",
		"level":4,
		"run":{
			"stamina":1
		},
		"result":{
			"title":"goblin slayer",
			"gold":"20~30"
		},
		"boss":"gobchief",
		"spawns":[
			["goblin","goblin"],
			"gobwarrior",
			"gobwarrior",
			"goblin",
			"goblin",
			"gobpriest"
		],"loot":{"maxlevel":3}

	},
	{
		"id":"orccamp",
		"name":"orc camp",
		"desc":"A scourge of towns and cities.",
		"require":"goblincamp",
		"level":7,
		"run":{
			"stamina":1.2
		},
		"result":{
			"gold":"40~50"
		},
		"boss":"orcchief",
		"spawns":[
			"orc",
			"orcwarrior",
			"orcwarrior",
			"orc",
			"orc",
			"orcpriest"
		], "flavor":"lok'tar!"

	},
	{
		"id":"aragogres",
		"name":"ogre cavern",
		"start":{
			"name":"Ogre Cavern",
			"desc":"While scrying the outlying lands you discover a colossal cave in the arag heights."
		},
		"desc":"A scourge of towns and cities.",
		"require":"g.orccamp>0&&g.aragheights>0&&g.scrying>0",
		"level":10,
		"length":100,
		"run":{
			"stamina":1.7
		},
		"result":{
			"bones":"5~10",
			"gold":"40~50"
		},
		"boss":["orcchief","ogre","ogre"],
		"spawns":[
			"ogre",
			["bugbear","bugbear"],
			["giantspider","lgspider","lgspider","lgspider"],
			["ogre","warg","warg"],
			"orcwarrior",
			["ogrewarrior","ogrewarrior"],
			"troll",
			"minotaur",
			["vampirebat","vampirebat","vampirebat"],
			["ogre","wolf","wolf","wolf"],
			"hillgiant",
			"direbear",
			"ettin",
			"orcchief",
			["orcpriest","ogre","ogre"]
		]

	},
	{
		"id":"spidercave",
		"name":"skittering caverns",
		"desc":"The only treasures here are were lost by adventurers searching for treasure.",
		"require":"tier0",
		"level":7,
		"run":{
			"stamina":1.2
		},
		"result":{
			"title":"spider slayer",
			"gold":"40~50"
		},
		"boss":"spiderqueen",
		"spawns":[
			"giantspider",
			"kobold",
			{
				"ids":"jazid",
				"weight":0.1
			},
			["lgspider","lgspider"],
			"lgspider",
			"lgspider",
			"direbat"
		]

	},
	{
		"id":"aragwastes",
		"name":"arag wastes",
		"desc":"An arid plain stretching across Arazor from the Arag Heights.",
		"require":"aragheights",
		"level":8,
		"run":{
			"stamina":2
		},
		"boss":"roc",
		"result":{
			"gold":"20~30",
			"bones":"3~7"
		},
		"spawns":[
			"vulture",
			"minotaur",
			"orc",
			"warg",
			["vrrek","vrrek"],
			["m_scarab","m_scarab"],
			"bandit",
			"wolf",
			"sandmite",
			"bugbear",
			"hawk",
			"goblin",
			["vulture","vulture","vulture"],
			["coyote","coyote","coyote"]
		]

	},
	{
		"id":"mtgorborung",
		"name":"mount gorborung",
		"desc":"one of the most perilous mountains in the world. many journey over its passes; none venture within.",
		"level":9,
		"length":50,
		"run":{
			"stamina":2
		},
		"result":{
			"title":"mountaineer",
			"watergem":"25%",
			"airgem":"10%",
			"gems":"3~5"
		},
		"spawns":[
			"yeti",
			"wolf",
			"stonegolem",
			"airelemental",
			"icewalker",
			"harpy",
			"wolf",
			"jazid",
			"doppelganger",
			"iceelemental",
			"wight",
			"wraith",
			"bugbear",
			"frixie",
			"frixie",
			"ogre",
			"cavetroll",
			"snowleopard"
		]
	},
	{
		"id":"greatbog",
		"name":"the great bog",
		"desc":"for hundreds of miles the great bog spreads across the dark center of Dhrune.",
		"require":"g.player.dist>=200",
		"level":13,
		"run":{
			"stamina":3
		},
		"length":100,
		"result":{
			"title":"fetid pathfinder",
			"gems":"3~5",
			"gold":"100~200",
			"bones":10
		},
		"boss":"bogwitch",
		"spawns":[
			["direcrocodile","direcrocodile"],
			"ghost",
			["leech","leech","leech","leech","leech"],
			"grimstalk",
			"jazid",
			"basilisk",
			"stalker",
			["corpse","corpse","corpse","corpse"],
			["eel","eel","eel"],
			"lesserwyrm",
			"willowisp",
			"direrat",
			["piranha","piranha"]
		],"flavor":"also known as Barden's bog, noone can say exactly just who Barden was."

	},
	{
		"id":"catacrypts",
		"name":"the catacrypts",
		"desc":"Old Mirthemgnar dug its dungeons til they joined the hollows beneath the world. In terror they sealed them forever. Or so they tried.",
		"require":["mtgorborung", "tier3"],
		"level":15,
		"run":{
			"stamina":3
		},
		"length":10000,
		"result":{
			"title":"twice born",
			"fame":3,
			"gems":"30~50",
			"gold":"1000~2000"
		},
		"biome":["cave","mountain"],
		"spawns":{
			"level":"15~23",
			"range":2
		},"flavor":"day and night the dark gates stand open to all... but to return to the open air... that is the task, that is the labor"

	},
	{
		"id":"elementrift",
		"name":"elemental rift",
		"desc":"a tear in the fabric of reality leads to a land of raw elements.",
		"require":"g.planeslore>=7",
		"level":12,
		"run":{
			"stamina":4
		},
		"length":50,
		"result":{
			"gems":"3~5"
		},
		"boss":"lightningelemental",
		"spawns":[
			"fireelemental",
			"iceelemental",
			"earthelemental",
			"airelemental",
			"lightningelemental"
		]

	},
	{
		"id":"veldransstorehouse",
		"name":"veldran's storehouse",
		"desc":"Veldran never did manage to carve a kingdom from the wreck of Bodias' reign. But he did accrue a sizeable hoard.",
		"level":9,
		"run":{
			"stamina":2
		},
		"length":50,
		"result":{
			"gems":"5~7",
			"gold":"100~200"
		},
		"spawns":[
			["claygolem","claygolem","claygolem"],
			"hobgoblin",
			"doppelganger",
			"masterswordsman",
			"irongolem",
			"quasit",
			["slime","slime","slime","slime"],
			["stonegolem","stonegolem"],
			"banditlord",
			"magicmirror",
			"woodgolem"
		]

	},
	{
		"id":"desillagrotto",
		"name":"desilla's grotto",
		"desc":"in all the world, the most enjoyable place to die.",
		"require":"g.player.dist>=500",
		"level":15,
		"run":{
			"stamina":2.5
		},
		"length":75,
		"result":{
			"gems":"3~5",
			"gold":"50~100",
			"ichor":1
		},
		"boss":"desillaconcubine",
		"spawns":[
			"masterswordsman",
			["magicblade","magicblade"],
			["magicmirror","magicmirror"],
			"unicorn",
			["pegasus","pegasus"],
			"quasit",
			["stalker","willowisp"],
			["elf","elf","elf"],
			"incubus",
			["imp","imp","imp"],
			"succubus"
		],"flavor":"desilla was known as much for her entertainments as her ruthlessness."

	},
	{
		"id":"charredkeep",
		"name":"charred keep",
		"desc":"its smouldering ruins once more begin to burn.",
		"level":18,
		"run":{
			"stamina":3
		},
		"length":100,
		"result":{
			"title":"lock slayer",
			"gold":"300~500",
			"ichor":3
		},
		"boss":["reddragon","karnivex","reddragon"],
		"spawns":[
			"mithrilgolem",
			["bloodgolem","bloodgolem"],
			["magicmirror","magicmirror"],
			"maturereddragon",
			["manticore","manticore"],
			"reddragon",
			"demon",
			"jazid",
			["greendragon","greendragon"],
			"balrog",
			"ancientvampire",
			["masterswordsman","masterswordsman","masterswordsman"]

		],"flavor":"burned black by its own denizens"

	},
	{
		"id":"belowgorborung",
		"name":"below mt gorborung",
		"desc":"they say the roots of the mountain extend deeper than its heights.",
		"level":25,
		"length":100,
		"require":"g.player.level>20&&g.mtgorborung>0",
		"dist":1200,
		"run":{
			"stamina":3
		},
		"result":{
			"title":"lightless",
			"earthgem":5,
			"gems":10,
			"tomes":2
		},
		"boss":{
			"50":"cthulhu",
			"100":"gorborung"
		},
		"spawns":[
			["stonegolem","stonegolem"],
			["magmaelemental","magmaelemental"],
			["earthelemental","earthelemental","earthelemental"],
			["dwarp","dwarp"],
			["callodiper","callodiper","callodiper"],
			["cavetroll","cavetroll"],
			["skellord","skellord"],
			["wyvern","wyvern"],
			"behemoth",
			["trow","trow"],
			"reddragon",
			"balrog",
			"jazid",
			"m_lichlord",
			["shade","shade"],
			"beholder",
			["ogre","ogre","ogre"],
			"cavetroll"
		]
	},
	{

		"id":"temple of strativax",
		"desc":"His acolytes fed the beast on offerings from a thousand leagues.",
		"flavor":"Strativax curled up to nap. His temple fell to ruins, and the ages fled like leaves.",
		"require":"g.scrying>=12&&g.history>=12",
		"start":"You scry the location of an ancient ruined temple.",
		"level":20,
		"boss":{
			"0":"strativax1",
			"1":"strativax2",
			"2":"strativax3"
		}

	},
	{
		"id":"holyhall",
		"name":"hall of the holy",
		"desc":"Various divine spirits watch over the world. And the greatest have their halls and kingdoms.",
		"require":"g.planeslore.max>=12&&g.evil>0",
		"level":17,
		"length":50,
		"run":{
			"stamina":2
		},
		"result":{
			"title":"holy defiler",
			"evilamt":10,
			"gold":"150~275"
		},
		"boss":"archon",
		"spawns":[
			"angel",
			["valkyrie","valkyrie"],
			["gryffon","gryffon"],
			"mithrilgolem",
			"angel",
			"firegolem",
			["angel","angel"],
			["lightelem","lightelem","lightelem"],
			["roc","roc","roc"],
			["unicorn","unicorn"],
			["ghost","ghost","ghost"],
			["pegasus","pegasus","pegasus"]
		]

	}

]