[

	{
		"id":"evt_intro",
		"name":"Prologue",
		"require":"hp",
		"desc":"An idle waif with no prospects to speak of..."
	},
	{
		"id":"evt_scroll",
		"name":"A tattered scroll",
		"desc":"You buy a strange scroll from a travelling peddler. If you could only decipher the cryptic symbols."
	},
	{
		"id":"evt_alcove",
		"name":"Moving In",
		"desc":"After taking your savings, your new master grants you a small nook under the stairs.",
		"require":"alcove"

	},
	{
		"id":"evt_helper",
		"name":"Promotion",
		"desc":"In return for your new services, your master grants you a small allowance for your studies. The position does require of course, some initial fees...",
		"lock":"t_job",
		"result":{
			"arcana.rate":0.0001,
			"research.max":10,
			"lore.max":1,
			"lore.rate":0.1,
			"player.exp":10
		}
	},
	{
		"id":"evt_rangers",
		"name":"Impudent Meddlers",
		"require":"g.wicked>0&&g.player.level>=15&&g.evilamt>=75",
		"desc":"Hearing of your wicked deeds, the rangers of the Ettinmarch plots your downfall. An assault on their camps should crush their presumption."
	},
	{
		"id":"evt_cabal",
		"name":"Vile Plotters",
		"require":"g.respectable>0&&g.player.level>=15&&g.virtue>=75",
		"desc":"Learning of your virtuous ways, a cabal of ossurite priests plots your destruction. Travel to the Fetid Barrows and unravel their schemes."
	},
	{
		"id":"tier0",
		"name":"Solitary Magic",
		"desc":"Some say the study of magic doesn't truly begin until apprenticeship ends. People say a lot of things.",
		"disable":["study", "chores","errands","leavemaster","slaymaster", "pestcontrol", "alcove", "atticbedroom"],
		"lock":"t_tier0",
		"result":{
			"innroom":true,
			"sp":1,
			"player.exp":15
		},
		"mod":{
			"fame":1,
			"research.max":15
		}

	},
	{
		"id":"tier1",
		"name":"Professional Magick",
		"desc":"Every province has its handful of runaway apprentices and failed Adepts. It's not uncommon for thieves and rangers to know a spell or two. They are nothing compared to the talents of a true professional.",
		"disable":["prestidigitation","buyscroll"],
		"lock":["t_tier1", "t_tier0"],
		"result":{
			"sp":1,
			"player.exp":15
		},
		"mod":{
			"fame":2,
			"crafting.max":1,
			"arcanebody.max":1,
			"occultendure.max":1,
			"crystalmind.max":1
		}

	},
	{
		"id":"tier2",
		"name":"Arcane Ascendant",
		"desc":"The masses of arcane dabblers never reach such heights.",
		"lock":"t_tier2",
		"result":{
			"player.exp":25
		},
		"mod":{
			"fame":3,
			"lore.max":2,
			"arcanebody.max":1,
			"occultendure.max":1,
			"crystalmind.max":1
		}

	},
	{
		"id":"tier3",
		"name":"Magical Mastery",
		"desc":"You are a master of your field of magic.",
		"lock":"t_tier3",
		"result":{
			"sp":1,
			"player.exp":50
		},
		"mod":{
			"fame":4,
			"lore.max":3,
			"crafting.max":2,
			"arcanebody.max":1,
			"occultendure.max":1,
			"crystalmind.max":1
		}

	},
	{
		"id":"tier4",
		"name":"Supreme Sorcery",
		"desc":"Not even the masters could challenge you.",
		"lock":"t_tier4",
		"result":{
			"sp":1,
			"player.exp":75
		},
		"mod":{
			"fame":5,
			"lore.max":4,
			"crafting.max":2,
			"arcanebody.max":1,
			"occultendure.max":1,
			"crystalmind.max":1
		}

	},
	{
		"id":"tier5",
		"name":"Dhrunic Magic",
		"desc":"Magic from a forgotten age.",
		"lock":"t_tier5",
		"result":{
			"sp":1,
			"player.exp":100
		},
		"mod":{
			"fame":6,
			"lore.max":4,
			"crafting.max":2,
			"arcanebody.max":1,
			"arcanebody2.max":2,
			"occultendure.max":1,
			"crystalmind.max":2
		}

	},
	{
		"id":"tier6",
		"name":"Ageless Magic",
		"desc":"ages of the world come and go; only these endure.",
		"lock":"t_tier6",
		"result":{
			"sp":1,
			"player.exp":100
		},
		"mod":{
			"fame":7,
			"lore.max":3,
			"crafting.max":4,
			"arcanebody.max":1,
			"arcanebody2.max":1,
			"occultendure.max":1,
			"crystalmind.max":1
		}

	},
	{
		"id":"tier7",
		"name":"Dhrunic Pillar",
		"desc":"a foundation of the world",
		"lock":"t_tier7",
		"result":{
			"sp":1,
			"player.exp":100
		},
		"mod":{
			"fame":8,
			"lore.max":4,
			"crafting.max":2,
			"arcanebody.max":1,
			"arcanebody2.max":2,
			"occultendure.max":1,
			"crystalmind.max":1
		}

	},
	{

		"id":"decent",
		"require":"g.virtue>90&&g.evilamt<10",
		"desc":"You are turning out to be an upstanding spellcaster.",
		"mod":{
			"light.rate":0.1
		}

	},
	{

		"id":"respectable",
		"require":"g.virtue>350&&g.evilamt<20",
		"desc":"You have become a respected personage in the magical world.",
		"mod":{
			"fame":1,
			"light.rate":0.1
		}

	},
	{

		"id":"good",
		"name":"virtuous",
		"require":"g.virtue>750&&g.evil<=0",
		"desc":"Your actions have shown you to be a virtuous wizard.",
		"mod":{
			"light.max":1,
			"lightlore.rate":0.1,
			"lightlore.max":1
		}

	},
	{
		"id":"secretfire",
		"name":"servant of the secret fire",
		"desc":"",
		"mod":{
			"firelore.rate":0.2,
			"firelore.max":1,
			"lightlore.rate":0.2,
			"lightlore.max":1
		}

	},
	{
		"id":"immoral",
		"desc":"You have taken your first steps on the path of evil. It's a good thing.",
		"require":"g.evilamt>=5",
		"mod":{
			"shadowlore.rate":0.2
		}

	},
	{
		"id":"wicked",
		"desc":"Your wicked deeds put you on the sure path of evil. A few more steps, and there will be no turning back.",
		"require":"g.evilamt>=250",
		"mod":{
			"fame":1,
			"shadowlore.max":1,
			"shadowlore.rate":0.2
		}

	},
	{
		"id":"evil",
		"name":"vile",
		"desc":"Freed of pitiful notions of right, and morality, the dark arts lie open before you.",
		"require":"g.evilamt>500",
		"disable":["light","good", "lightlore"],
		"mod":{
			"shadow.max":1,
			"shadowlore":{
				"max":1,
				"rate":0.1
			}
		}

	}

]