[
	{
		"id":"smchest",
		"name":"small chest",
		"desc":"A small wooden chest.",
		"require":"apprentice",
		"repeat": true,
		"cost":{
			"gold":40
		},
		"mod":{
			"inv.max":1,
			"gold.max":75,
			"space":1
		}
	},
	{
		"id":"ironchest",
		"name":"iron chest",
		"desc":"Treasure chest.",
		"require":"g.gold.max>=125",
		"repeat": true,
		"cost":{
			"gold":125
		},
		"mod":{
			"inv.max":2,
			"gold.max":175,
			"space":2
		}
	},
	{
		"id":"ornatechest",
		"name":"ornate chest",
		"desc":"Treasure chest.",
		"require":"g.gold.max>=500",
		"repeat": true,
		"cost":{
			"gold":350,
			"gems":5
		},
		"mod":{
			"inv.max":2,
			"gold.max":500,
			"space":3
		}
	},
	{
		"id":"cot",
		"desc":"Slightly better than sleeping on the floor",
		"require":"apprentice",
		"tags":"bed",
		"slot":"bed",
		"max":1,
		"cost":{
			"gold":10
		},
		"mod":{
			"rest.effect.stamina":0.23,
			"space":1
		}
	},
	{
		"id":"woodbed",
		"name":"wooden bed",
		"desc":"small wooden bed.",
		"tags":"bed",
		"slot":"bed",
		"require":"g.stamina>=15",
		"cost":{
			"gold":40
		},
		"mod":{
			"rest.effect.stamina":0.27,
			"space":2
		}
	},
	{
		"id":"fourposter",
		"desc":"four post bed",
		"tags":"bed",
		"slot":"bed",
		"require":"g.stamina>=30",
		"cost":{
			"gold":150
		},
		"mod":{
			"dreams":{
				"skipLocked": true,
				"rate":0.0001
			},
			"rest":{
				"effect":{
					"stamina":0.4,
					"hp":0.02
				}
			},
			"space":4
		}
	},
	{
		"id":"burningcoals",
		"name":"burning coals",
		"desc":"Bed of burning coals",
		"tags":"bed",
		"slot":"bed",
		"require":"g.fire>=10",
		"cost":{
			"fire":10
		},
		"mod":{
			"firelore.max":1,
			"rest":{
				"effect":{
					"stamina":0.35,
					"prismatic":0.1,
					"fire":0.2
				}
			},
			"space":2
		}
	},
	{
		"id":"cache",
		"name":"buried cache",
		"desc":"A cache of treasure buried in the ground, protected by enchantment.",
		"need": [
			"outdoors",
			"g.enchanting>0"
		],
		"max":3,
		"cost":{
			"research":50,
			"gems":3,
			"mana":5
		},
		"mod":{
			"inv.max":1,
			"prismaticgems.max":2,
			"gold.max":200,
			"gems.max":10,
			"space":1
		}
	},
	{
		"id":"vault",
		"desc":"A safe space for treasure.",
		"require":"g.space.max>=25",
		"repeat": true,
		"cost":{
			"gold":500
		},
		"mod":{
			"inv.max":2,
			"prismaticgems.max":10,
			"tapestries.max":3,
			"gembox.max":5,
			"gold.max":1800,
			"gems.max":20,
			"space":10
		}
	},
	{
		"id":"treasureroom",
		"name":"treasure room",
		"desc":"A large room for accumulated treasures.",
		"require":"g.space.max>=50",
		"repeat": true,
		"cost":{
			"gold":1000,
			"gems":15
		},
		"mod":{
			"inv.max":3,
			"prismaticgems.max":20,
			"tapestries.max":5,
			"gembox.max":10,
			"gold.max":4000,
			"gems.max":50,
			"space":20
		}
	},
	{
		"id":"magiccircle",
		"name":"magic circle",
		"desc":"Magic circle",
		"require":"arcana",
		"max":3,
		"cost":{
			"research":40,
			"mana":5
		},
		"mod":{
			"research.max":10,
			"research.rate":0.01,
			"arcana.rate":0.0001,
			"space":1
		}
	},
	{
		"id":"smcage",
		"name":"rusty cage",
		"desc":"A cramped cage for keeping tiny test subjects.",
		"tags":"t_pets,shadowsource",
		"require":"neophyte",
		"max":3,
		"cost":{
			"gold":50,
			"research":100
		},
		"flavor":"it doesn't seem very nice.",
		"mod":{
			"animals.max":1,
			"shadowlore.max":1,
			"evilamt":1,
			"space":1
		}
	},
	{
		"id":"terrarium",
		"desc":"a glass enclosure of dirt, insects, and wormy things.",
		"tags":"earthsource,t_pets",
		"require":"neophyte",
		"repeat": true,
		"cost":{
			"research":40,
			"gold":40
		},
		"mod":{
			"research.max":5,
			"earth.rate":0.01,
			"space":1
		}
	},
	{
		"id":"vivarium",
		"desc":"a glass enclosure for small reptiles, snakes, and frogs.",
		"tags":"earthsource,t_pets,naturesource",
		"require":"g.tier0>0&&g.naturelore>=5",
		"cost":{
			"research":300,
			"gold":500
		},
		"mod":{
			"research.max":10,
			"animals.max":1,
			"animals.rate":0.3,
			"naturelore.max":1,
			"naturelore.rate":"0.3+1%",
			"space":2
		}
	},
	{
		"id":"workbench",
		"desc":"A small bench for arts and crafts. Necessary for many wizard studies.",
		"tags":"workspace",
		"locked": false,
		"repeat": true,
		"cost":{
			"gold":15
		},
		"mod":{
			"research.max":5,
			"space":1
		}
	},
	{
		"id":"writingdesk",
		"name":"writing desk",
		"desc":"A desk for working and scribing.",
		"require":"evt_helper",
		"tags":"workspace",
		"cost":{
			"gold":100
		},
		"mod":{
			"scrolls.rate":0.001,
			"research.max":5,
			"languages.max":1,
			"scrolls.max":10,
			"space":2
		}
	},
	{
		"id":"crafttable",
		"name":"crafting table",
		"tags":"workspace",
		"desc":"Wide table for crafting projects.",
		"require":"evt_helper",
		"cost":{
			"gold":100
		},
		"mod":{
			"crafting.max":1,
			"crafting.rate":0.2,
			"space":2
		}
	},
	{
		"id":"enchanttable",
		"name":"enchanting table",
		"tags":"workspace,enchantsource",
		"desc":"Runed table for enchanting",
		"require":"enchanting",
		"cost":{
			"gold":200,
			"research":200,
			"gems":5
		},
		"mod":{
			"enchanting.max":1,
			"enchanting.rate":0.2,
			"space":2
		}
	},
	{
		"id":"plant",
		"name":"potted milkweed",
		"locked": false,
		"desc":"Really brightens up the place.",
		"tags":"plantsource",
		"repeat": true,
		"cost":{
			"gold":25
		},
		"mod":{
			"research.max":5,
			"space":1
		}
	},
	{
		"id":"creepingvine",
		"name":"creeping vine",
		"desc":"a quickly growing plant",
		"tags":"plantsource",
		"require":"g.herbalism>=4",
		"max":5,
		"cost":{
			"gold":75
		},
		"mod":{
			"herbs.max":1,
			"herbalism.max":1,
			"herbs.rate":0.2,
			"space":1
		}
	},
	{
		"id":"birdcage",
		"desc":"Perfect for robins.",
		"tags":"t_pets",
		"require":"apprentice",
		"repeat": true,
		"cost":{
			"gold":25
		},
		"mod":{
			"research.max":5,
			"space":1
		}
	},
	{
		"id":"pedestal",
		"desc":"A pedestal for reading magic tomes. Improves study habits.",
		"require":"evt_helper",
		"cost":{
			"gold":50
		},
		"mod":{
			"research.max":10,
			"study.effect.research":0.1,
			"space":1
		}
	},
	{
		"id":"loom",
		"desc":"Unlocks the art of weaving",
		"tags":"weavesource",
		"require":"g.crafting>=6",
		"cost":{
			"gold":50,
			"research":100
		},
		"mod":{
			"crafting.max":1,
			"crafting.rate":0.1,
			"space":1
		}
	},
	{
		"id":"spinwheel",
		"name":"spinning wheel",
		"desc":"Eases tasks related to weaving.",
		"tags":"weavesource",
		"require":"g.weaving>=5",
		"cost":{
			"gold":1000,
			"research":5000,
			"gems":50
		},
		"mod":{
			"weaving.max":2,
			"weaving.rate":"10%",
			"space":1
		}
	},
	{
		"id":"sextant",
		"desc":"Measure the stars.",
		"require":"neophyte",
		"tags":"starsource",
		"cost":{
			"gold":75,
			"research":50
		},
		"mod":{
			"arcana.max":1,
			"arcana.rate":0.0001,
			"space":2
		}
	},
	{
		"id":"telescope",
		"require":"astronomy",
		"tags":"starsource",
		"cost":{
			"gold":400,
			"research":300
		},
		"mod":{
			"arcana.max":1,
			"arcana.rate":0.0001,
			"astronomy.max":2,
			"astronomy.rate":0.2,
			"space":2
		}
	},
	{
		"id":"scrollrack",
		"name":"scroll rack",
		"repeat": true,
		"desc":"latticed shelves for easy scroll storage.",
		"require":"g.apprentice>=0&&g.scrolls>=20",
		"cost":{
			"gold":75,
			"research":100
		},
		"mod":{
			"scrolls.max":15,
			"space":1
		}
	},
	{
		"id":"bookshelf",
		"name":"bookshelf",
		"repeat": true,
		"desc":"A single bookshelf for your books.",
		"require":"g.codices>=5&&g.scrolls.max>=15",
		"cost":{
			"gold":100
		},
		"mod":{
			"codices.max":5,
			"scrolls.max":10,
			"space":1
		}
	},
	{
		"id":"bookcase",
		"name":"bookcase",
		"repeat": true,
		"desc":"A rough but sturdy bookcase.",
		"require":"g.codices>=20",
		"max":20,
		"cost":{
			"gold":200
		},
		"mod":{
			"starcharts.max":1,
			"codices":{
				"max":15,
				"mod.research.max":0.5
			},
			"tomes.max":1,
			"space":2
		}
	},
	{
		"id":"casement",
		"name":"casement window",
		"tags":"lightsource,airsource",
		"desc":"A simple window to let in light and air.",
		"require":"g.space.max>=10",
		"cost":{
			"gold":100
		},
		"mod":{
			"light.rate":0.01,
			"air.max":1,
			"air.rate":0.02,
			"space":1
		}
	},
	{
		"id":"latticewindow",
		"name":"lattice window",
		"tags":"lightsource,airsource",
		"desc":"An elegant latticed portal for letting in air and light.",
		"require":"g.space.max>=15",
		"max":3,
		"cost":{
			"gold":300
		},
		"mod":{
			"light.max":1,
			"airlore.max":1,
			"light.rate":0.02,
			"airlore.rate":0.05,
			"space":1
		}
	},
	{
		"id":"cloudchamber",
		"name":"cloud chamber",
		"tags":"airsource",
		"desc":"A chamber of swirling vapours for study.",
		"require":"g.tier0>0&&g.airlore>=5",
		"max":3,
		"cost":{
			"gold":500,
			"research":500,
			"air":5
		},
		"mod":{
			"airlore.max":1,
			"airlore.rate":0.2,
			"space":1
		}
	},
	{
		"id":"brasscandelabra",
		"name":"brass candelabra",
		"desc":"Candle holder.",
		"require":"g.waxcandle>0&&g.gold.max>=200",
		"repeat": false,
		"cost":{
			"gold":200
		},
		"mod":{
			"candle.max":4,
			"space":1
		}
	},
	{
		"id":"bonecandelabra",
		"name":"bone candelabra",
		"desc":"creepy",
		"require":"g.necromancer>0||g.witch>0||g.bonemonger>0",
		"repeat": false,
		"cost":{
			"bones":10,
			"research":50,
			"gold":50
		},
		"mod":{
			"candle.max":4,
			"shadow.rate":0.03,
			"space":1
		}
	},
	{
		"id":"basin",
		"name":"basin",
		"tags":"watersource",
		"desc":"Basin of water.",
		"require":"apprentice",
		"repeat": true,
		"cost":{
			"gold":50
		},
		"mod":{
			"water.rate":0.02,
			"space":1
		}
	},
	{
		"id":"brazier",
		"desc":"Stand of burning hot coals.",
		"tags":"firesource,spiritsource",
		"require":"g.tier0>0",
		"max":3,
		"repeat": true,
		"cost":{
			"gold":150
		},
		"mod":{
			"firelore.max":1,
			"fire.rate":0.02,
			"space":1
		}
	},
	{
		"id":"campfire",
		"tags":"firesource",
		"need":"outdoors",
		"cost":{},
		"mod":{
			"naturelore.max":1,
			"firelore.max":1,
			"fire.rate":0.05,
			"space":1
		}
	},
	{
		"id":"bonfire",
		"tags":"firesource",
		"require":"g.space.max>=20",
		"desc":"a burning pyre for the practice of pyromancy.",
		"cost":{
			"fire":4
		},
		"mod":{
			"firelore.max":1,
			"fire.rate":0.05,
			"space":2
		},
		"flavor":"be careful where you put it."
	},
	{
		"id":"clepsydra",
		"desc":"Crude measure of time",
		"require":"tier3",
		"tags":"timesource",
		"repeat": true,
		"cost":{
			"gold":100,
			"research":100
		},
		"mod":{
			"tempus.max":1,
			"tempus.rate":0.01,
			"water.rate":0.01,
			"space":1
		},
		"flavor":"what is gone is gone"
	},
	{
		"id":"fireplace",
		"desc":"A cozy place for cooking food and brewing potions.",
		"tags":"firesource",
		"require":"g.space.max>=15",
		"repeat": true,
		"cost":{
			"gold":175
		},
		"mod":{
			"fire.rate":0.01,
			"space":1
		}
	},
	{
		"id":"grotesque",
		"tags":"earthsource",
		"require":"g.tier1>0&&(g.earthlore>3||g.shadowlore>3)",
		"desc":"a grim, disfigured stone statue",
		"max":4,
		"cost":{
			"gold":750
		},
		"mod":{
			"earthlore.rate":0.2,
			"earthlore.max":1,
			"shadowlore.rate":0.1,
			"shadowlore.max":1,
			"space":5
		}
	},
	{
		"id":"gargoyle",
		"tags":"watersource",
		"require":"g.tier1>0&&(g.waterlore>3||g.shadowlore>3)",
		"desc":"a fountain issues from the stone demon's mouth",
		"max":4,
		"cost":{
			"gold":750
		},
		"mod":{
			"waterlore.rate":0.2,
			"shadowlore.rate":0.1,
			"shadowlore.max":1,
			"waterlore.max":1,
			"space":5
		}
	},
	{
		"id":"fountain",
		"desc":"Water Fountain",
		"tags":"watersource",
		"require":"g.space.max>20",
		"cost":{
			"gold":500
		},
		"mod":{
			"water.rate":0.1,
			"waterlore.max":1,
			"space":5
		}
	},
	{
		"id":"smstables",
		"name":"stables",
		"require":"g.tier2>0||(g.tier1>0&&g.animals>=6)",
		"tags":"stables",
		"cost":{
			"gold":500,
			"research":800
		},
		"mod":{
			"animals.max":1,
			"animals.rate":0.2,
			"space":10
		}
	},
	{
		"id":"menagerie",
		"require":"g.tier1>0&&g.animals>=10&&g.magicbeasts>=5",
		"tags":"stables",
		"cost":{
			"gold":500,
			"gems":10,
			"research":500
		},
		"mod":{
			"magicbeasts.max":2,
			"magicbeasts.rate":0.4,
			"animals.rate":"15%",
			"space":20
		}
	},
	{
		"id":"ossuary",
		"desc":"Receptacle for bones.",
		"tags":"shadowsource,spiritsource",
		"require":"evil",
		"max":4,
		"cost":{
			"gold":300,
			"bones":5
		},
		"mod":{
			"bonedust.max":10,
			"bones.max":20,
			"shadowlore.max":1,
			"spiritlore.max":1,
			"spiritlore.rate":0.3,
			"space":1
		}
	},
	{
		"id":"elemsiphon",
		"name":"elemental siphon",
		"desc":"A crystal apparatus to siphon elemental energies into mana.",
		"require":"g.tier4>0&&g.mana.max>30",
		"need":"workshop",
		"max":2,
		"cost":{
			"gold":2500,
			"managem":25,
			"firegem":50,
			"watergem":50,
			"airgem":50,
			"earthgem":50
		},
		"mod":{
			"mana.rate":0.5,
			"arcana.rate": -0.002,
			"element.rate": -0.75,
			"space":5
		}
	},
	{
		"id":"elemflux",
		"name":"elemental flux",
		"desc":"Gems draw in pure mana and disperse it into elemental forms.",
		"require":"g.tier4>0&&g.mana.max>30",
		"max":2,
		"cost":{
			"gold":2500,
			"managem":50,
			"firegem":25,
			"watergem":25,
			"airgem":25,
			"earthgem":25
		},
		"mod":{
			"mana.rate": -2,
			"arcana.rate": -0.002,
			"element.rate":0.25,
			"space":5
		}
	},
	{
		"id":"cairn",
		"desc":"Mystic rock-pile",
		"tags":"spiritsource",
		"require":"g.spirit.max>=10",
		"cost":{
			"gold":200,
			"spirit":5
		},
		"mod":{
			"runestones.max":5,
			"spiritgem.max":4,
			"spiritlore.max":2,
			"spirit.rate":0.02,
			"nature.rate":0.01,
			"space":10
		}
	},
	{
		"id":"reliquary",
		"desc":"Saferoom for ancient sources of magic.",
		"tags":"spiritsource",
		"require":"g.spirit.max>=5",
		"cost":{
			"gold":250
		},
		"mod":{
			"tapestries.max":3,
			"souls.max":1,
			"spiritgem.max":2,
			"spirit.max":1,
			"spirit.rate":0.01,
			"space":5
		}
	},
	{
		"id":"darkshrine",
		"name":"dark shrine",
		"desc":"A shrine to Evil.",
		"tags":"shadowsource",
		"require":"g.evilamt>2",
		"cost":{
			"gold":30,
			"bones":10,
			"shadow":10
		},
		"mod":{
			"evilamt":1,
			"shadowgem.max":2,
			"shadow.rate":0.01,
			"shadow.max":1,
			"space":1
		},
		"flavor":"Zhakul ihnaac."
	},
	{
		"id":"ironcell",
		"name":"iron cell",
		"desc":"A simple, bare cell.",
		"tags":"prison,shadowsource",
		"repeat": true,
		"require":"g.tier0>0&&g.space.max>=20",
		"cost":{
			"gold":400
		},
		"mod":{
			"shadow.max":1,
			"bodies.max":2,
			"dissection.rate":0.1,
			"space":5
		}
	},
	{
		"id":"armory",
		"desc":"A storeroom of arms.",
		"tags":"armssource",
		"require":"g.tier0>0&&g.player.defense>=10",
		"repeat": true,
		"cost":{
			"gold":400
		},
		"mod":{
			"tapestries.max":1,
			"inv.max":1,
			"player.defense":1,
			"player.tohit":1,
			"space":10
		}
	},
	{
		"id":"mineshaft",
		"tags":"t_mine",
		"require":"g.earthlore>=10&&g.planeslore>=20",
		"max":1,
		"cost":{
			"earth":25,
			"earthrune":5,
			"gold":7000,
			"research":2500,
			"gate":1
		},
		"mod":{
			"earthlore.max":1,
			"earthlore.rate":0.2,
			"gold.rate":0.1,
			"space":20
		}
	},
	{
		"id":"weaponrack",
		"name":"weapon rack",
		"desc":"Holds equipment you aren't using",
		"require":"g.player.level>=5&&g.armory>0",
		"tags":"armssource",
		"max":3,
		"cost":{
			"gold":400,
			"research":100
		},
		"mod":{
			"inv.max":5,
			"space":2
		}
	},
	{
		"id":"archive",
		"name":"arcane archive",
		"desc":"A good archive does your research for you.",
		"require":"g.lore.max>=15",
		"max":3,
		"cost":{
			"gold":400,
			"research":400
		},
		"mod":{
			"tapestries.max":4,
			"scrolls.max":50,
			"tomes.max":20,
			"codices.max":50,
			"codices.rate":0.01,
			"tomes.rate":0.002,
			"starcharts.max":25,
			"space":10
		}
	},
	{
		"id":"shrine",
		"desc":"A shrine to divine forces.",
		"require":"good",
		"tags":"lightsource",
		"cost":{
			"gold":30,
			"gems":5,
			"light":2
		},
		"mod":{
			"virtue":1,
			"lightgem.max":2,
			"light.rate":0.01,
			"light.max":1,
			"space":1
		}
	},
	{
		"id":"bloodfountain",
		"name":"blood fountain",
		"desc":"Fountain of blood",
		"tags":"shadowsource",
		"require":"g.evil>0&&g.shadowlore>=3",
		"cost":{
			"gold":300,
			"shadow":20,
			"bones":20
		},
		"mod":{
			"regen":0.1,
			"shadow.rate":0.05,
			"shadow.max":1,
			"space":5
		}
	},
	{
		"id":"casket",
		"desc":"simple container for preserving bodies.",
		"require":"g.tier0>0&&g.embalming>=5&&g.crafting>=5",
		"repeat": true,
		"cost":{
			"research":100,
			"gold":75
		},
		"mod":{
			"bodies.max":1,
			"space":1
		}
	},
	{
		"id":"vat",
		"desc":"grows bodies from raw materials",
		"require":"g.tier1>0&&g.anatomy>=5&&g.embalming>=5&&g.crafting>=10",
		"repeat": true,
		"cost":{
			"research":300,
			"gold":100
		},
		"mod":{
			"anatomy.rate":0.3,
			"embalming.rate":0.3,
			"bodies.rate":0.01,
			"bodies.max":1,
			"space":2
		}
	},
	{
		"id":"portaalchemica",
		"name":"porta alchemica",
		"require":"g.alchemy>=5&&g.planeslore>=5&&g.crafting>=10",
		"desc":"a monument inscribed with alchemical runes",
		"cost":{
			"gems":20
		},
		"mod":{
			"managem.max":2,
			"alchemy.max":2,
			"potions.max":1,
			"alchemy.rate":0.1,
			"arcana.rate":0.0001,
			"space":5
		}
	},
	{
		"id":"studyroom",
		"name":"study",
		"desc":"A place for reading and research",
		"require":"g.codices>=100",
		"cost":{
			"gold":200,
			"research":100
		},
		"mod":{
			"tapestries.max":1,
			"starcharts.max":50,
			"codices.max":100,
			"lore.rate":0.2,
			"research.max":100,
			"scrolls.rate":0.05,
			"space":20
		}
	},
	{
		"id":"arcanestudy",
		"name":"enchanted study",
		"desc":"A study enchanted with magic.",
		"require":"g.codices>=100&&g.enchanting>=6",
		"cost":{
			"studyroom":1,
			"gold":1000,
			"research":1000
		},
		"mod":{
			"tapestries.max":3,
			"tomes.rate":0.002,
			"codices.rate": -0.001,
			"starcharts.max":50,
			"codices.max":100,
			"scrolls.rate":0.05,
			"space":20
		}
	},
	{
		"id":"orrery",
		"desc":"a vast mechanical model of existence",
		"require":"g.codices>=80&&g.astronomy>7",
		"tags":"starsource",
		"repeat": false,
		"cost":{
			"gold":500,
			"research":900
		},
		"mod":{
			"starcharts.max":50,
			"chronomancy.max":1,
			"chronomancy.rate":0.01,
			"astronomy.max":3,
			"astronomy.rate":0.1,
			"planeslore.max":2,
			"planeslore.rate":0.1,
			"divination.max":2,
			"divination.rate":0.1,
			"space":50
		}
	},
	{
		"id":"garden",
		"desc":"A small garden by your home.",
		"tags":"naturesource,plantsource",
		"require":"(g.witch+g.druid+g.fey+g.kell)>0",
		"max":3,
		"cost":{
			"gold":300,
			"research":550
		},
		"mod":{
			"herbs.max":15,
			"herbs.rate":1,
			"herbalism.rate":0.2,
			"herbalism.max":3,
			"nature.max":1,
			"nature.rate":0.3,
			"naturelore.rate":0.2,
			"space":10
		}
	},
	{
		"id":"liquifier",
		"name":"arcane alembic",
		"repeat": true,
		"require":"solidifier",
		"desc":"a complex alchemical process drips arcane energy onto gemstones.",
		"cost":{
			"research":1000,
			"gold":500
		},
		"mod":{
			"arcana.rate": -0.001,
			"managem.rate":0.01,
			"gems.rate": -0.01,
			"space":5
		}
	},
	{
		"id":"starweb",
		"desc":"Motes of stars fall daily from the sky. One need only collect them.",
		"require":"tier5",
		"max":5,
		"cost":{
			"research":10000,
			"starcharts":25,
			"arcana":20
		},
		"mod":{
			"sindel.rate":0.0001,
			"arcana.rate":0.0001,
			"airlore.max":1,
			"airlore.rate":"1%",
			"space":5
		}
	},
	{
		"id":"starwell",
		"name":"star well",
		"desc":"Pools of light congeal softly in the basin.",
		"require":"tier5",
		"max":3,
		"cost":{
			"research":30000,
			"starcharts":50,
			"arcana":30
		},
		"mod":{
			"sindel.rate":0.0005,
			"waterlore.max":1,
			"arcana.rate":0.0003,
			"waterlore.rate":"1%",
			"space":10
		}
	},
	{
		"id":"runechest",
		"name":"rune chest",
		"desc":"A box carved from idrasil to hold the most potent runes",
		"require":"g.runelore>=5",
		"repeat": true,
		"cost":{
			"gold":2000,
			"research":5000,
			"gems":75
		},
		"mod":{
			"t_runes.max":5,
			"space":5
		}
	},
	{
		"id":"latticefence",
		"name":"lattice fence",
		"desc":"latticed fence for growing vines",
		"require":"g.tier0>0&&g.naturelore>=7",
		"cost":{
			"gold":200,
			"research":250
		},
		"mod":{
			"herbs.max":5,
			"herbalism.max":1,
			"herbalism.rate":0.3,
			"nature.rate":0.2,
			"space":2
		}
	},
	{
		"id":"pond",
		"desc":"Pond",
		"tags":"watersource",
		"require":"g.space.max>50",
		"cost":{
			"gold":500
		},
		"mod":{
			"water.rate":0.01,
			"nature.rate":0.01,
			"naturelore.max":1,
			"naturelore.rate":"0.2+5%",
			"waterlore.max":2,
			"waterlore.rate":"0.3+5%",
			"space":25
		}
	},
	{
		"id":"sandgarden",
		"name":"sand garden",
		"tags":"earthsource",
		"desc":"rocks and sand form patterns of intricate design.",
		"require":"g.earth.max>=5&&g.space.max>=50",
		"cost":{
			"gold":100,
			"research":100
		},
		"mod":{
			"earthlore.max":2,
			"earthlore.rate":"5%",
			"earth.rate":0.02,
			"space":20
		}
	},
	{
		"id":"banquethall",
		"name":"banquet hall",
		"desc":"a grand hall to entertain guests and supplicants",
		"require":"tier2",
		"cost":{
			"gems":20,
			"gold":5000
		},
		"mod":{
			"tapestries.max":5,
			"minions.max":"10%",
			"allies.max":"10%",
			"space":50
		}
	},
	{
		"id":"lakeoffire",
		"name":"lake of fire",
		"desc":"A lake of burning fire.",
		"tags":"firesource",
		"require":"g.fire.max>=10&&g.space.max>=100",
		"cost":{
			"fire":10,
			"gold":100,
			"firegem":10,
			"research":200
		},
		"mod":{
			"fire.max":2,
			"fire.rate":0.02,
			"firegem.rate":0.01,
			"space":20
		}
	},
	{
		"id":"bottomlesspit",
		"name":"bottomless pit",
		"desc":"An endless hole in the ground.",
		"require":"g.planeslore>=12&&g.space.max>=20&&g.tier4>0",
		"cost":{
			"gems":10,
			"research":500,
			"arcana":1
		},
		"mod":{
			"air.max":1,
			"air.rate":0.01,
			"earth.max":1,
			"earth.rate":0.01,
			"void.max":3,
			"void.rate":0.1,
			"shadow.max":1,
			"shadow.rate":0.01,
			"space":5
		}
	},
	{
		"id":"potroom",
		"name":"potions room",
		"desc":"room for preparing and brewing potions",
		"require":"potions",
		"tags":"potsource",
		"cost":{
			"gold":3000,
			"research":3000
		},
		"mod":{
			"herbs.max":10,
			"potions.max":2,
			"potions.rate":0.5,
			"alchemy.max":1,
			"alchemy.rate":1,
			"space":20
		}
	},
	{
		"id":"torturechamber",
		"name":"torture chamber",
		"desc":"A room for inquisitions and research.",
		"require":"g.evil>0&&g.space.max>=100",
		"tags":"shadowsource",
		"cost":{
			"gold":400,
			"research":250
		},
		"mod":{
			"tapestries.max":1,
			"dissection.max":3,
			"dissection.rate":0.4,
			"shadow.max":5,
			"shadow.rate":0.1,
			"space":50
		}
	},
	{
		"id":"graveyard",
		"desc":"A resting place for the dead.",
		"require":"g.space.max>=100",
		"tags":"shadowsource,spiritsource",
		"cost":{
			"gold":700,
			"spiritgem":20,
			"research":1000
		},
		"mod":{
			"bonedust.max":10,
			"souls.rate":0.01,
			"bodies.max":20,
			"bones.max":50,
			"souls.max":20,
			"reanimation.max":1,
			"reanimation.rate":"10%",
			"spiritlore.rate":"20%",
			"spiritlore.max":1,
			"space":50
		}
	},
	{
		"id":"workshop",
		"tags":"workspace",
		"desc":"A space suitable for crafting and enchanting items.",
		"require":"g.space.max>=50&&(g.crafting>=7||g.enchanting>=7)",
		"cost":{
			"gold":1000,
			"research":2500
		},
		"mod":{
			"tapestries.max":1,
			"sp.rate":0.001,
			"ichor.rate":0.0005,
			"liquifier.mod.managem.rate":"10%",
			"enchanting.max":1,
			"crafting.max":2,
			"crafting.rate":0.4,
			"space":50
		}
	},
	{
		"id":"library",
		"desc":"the most important part of a proper wizard's stronghold.",
		"require":"g.codices>=100",
		"cost":{
			"gold":500,
			"research":750
		},
		"mod":{
			"tapestries.max":2,
			"starcharts.max":50,
			"codices.max":400,
			"tomes.max":75,
			"codices.mod.research.max":10,
			"research.max":50,
			"lore.rate":"0.3+5%",
			"research.rate":0.1,
			"space":75
		}
	},
	{
		"id":"lexyrinth",
		"desc":"All libraries hold hidden doors into its halls. Unlocking them is the hard bit.",
		"require":"g.library>0&&g.planeslore>=20",
		"max":1,
		"cost":{
			"gate":1,
			"gold":5000,
			"research":10000
		},
		"mod":{
			"tapestries.max":3,
			"tomes.rate":0.01,
			"starcharts.max":50,
			"tomes.mod.research.max":"3%",
			"tomes.mod.arcana.max":"2%",
			"codices.max":100,
			"scrolls.max":100,
			"tomes.max":100,
			"space":100
		},
		"flavor":"its shelves extend beyond all sight."
	},
	{
		"id":"gate",
		"desc":"dhrunic gate",
		"require":"g.planeslore>=20&&g.tier4>0",
		"max":3,
		"cost":{
			"gold":5000,
			"tomes":25,
			"runestones":20,
			"arcana":10
		},
		"mod":{
			"arcana.rate":0.001,
			"voidlore.max":1,
			"planeslore.max":1,
			"space":25
		}
	},
	{
		"id":"nexus",
		"desc":"a nexus between all worlds",
		"max":1,
		"cost":{
			"gate":3,
			"tomes":50,
			"runestones":25
		},
		"mod":{
			"arcana.rate":0.005,
			"prismaticgems.rate":0.01,
			"space":50
		}
	},
	{
		"id":"ziggurat",
		"desc":"a vast mound of earth dedicated to occult practices.",
		"require":"tier4",
		"tags":"starsource",
		"cost":{
			"gold":300,
			"research":4000,
			"arcana":5
		},
		"mod":{
			"voidlore.max":1,
			"astronomy.max":2,
			"astronomy.rate":0.2,
			"airlore.max":1,
			"airlore.rate":"1%",
			"earthlore.max":3,
			"earthlore.rate":0.4,
			"planeslore.max":2,
			"planeslore.rate":"1%",
			"scrying.max":1,
			"scrying.rate":"5%",
			"space":100
		}
	},
	{
		"id":"bindcircle",
		"name":"binding circle",
		"desc":"magic circle for binding summoned entities",
		"tags":"prison",
		"require":"g.summoning>=6||g.demonology>=7",
		"cost":{
			"gold":500,
			"gems":25,
			"bloodgem":10,
			"spiritgem":10
		},
		"mod":{
			"summoning.max":2,
			"summoning.rate":"5%",
			"demonology.max":1,
			"demonology.rate":"5%",
			"space":6
		}
	},
	{
		"id":"pentagram",
		"name":"demonic pentagram",
		"desc":"used for summoning demonic entities.",
		"tags":"prison",
		"require":"g.demonology>=12",
		"cost":{
			"gold":1500,
			"gems":50,
			"bloodgem":10,
			"spiritgem":10,
			"shadowgem":10
		},
		"mod":{
			"summoning.max":1,
			"summoning.rate":"2%",
			"demonology.max":2,
			"demonology.rate":"10%",
			"space":10
		}
	},
	{
		"id":"crypt",
		"require":"g.necromancy>0&&g.ruinedcrypt>0",
		"tags":"prison",
		"cost":{
			"research":5000,
			"gold":500,
			"bodies":5,
			"bones":20,
			"arcana":1
		},
		"mod":{
			"tapestries.max":2,
			"bodies.max":25,
			"bones.max":30,
			"bonedust.max":20,
			"necromancy.max":2,
			"embalming.max":1,
			"reanimation.max":1,
			"space":30
		}
	},
	{
		"id":"dungeon",
		"desc":"A vast complex to lock away hazardous experiments, deadly creatures, and all those who displease you.",
		"tags":"prison",
		"require":"tier3",
		"cost":{
			"gold":1000
		},
		"mod":{
			"tapestries.max":1,
			"bodies.max":20,
			"bones.max":20,
			"shadowlore.max":1,
			"shadow.rate":0.01,
			"demonology.max":1,
			"space":100
		}
	}
]