[
	{ "id":"silk", "kind":"cloth",
		"weight":0, "priceMod":5, "level":1,
		"exclude":"weapon,ring,amulet",

		"alter":{

			"tohit":-3,
			"enchants.max":5
		}

	},
	{ "id":"cotton", "kind":"cloth", "level":0, "exclude":"weapon",

		"alter":{
			"tohit":-3
		}

	},

	{ "id":"stone",
		"kind":"natural",
		"weight":3, "level":0, "only":"weapon",
		"alter":{
			"enchants.max":1,
			"dmg":1
		}
	},
	{ "id":"glass",
		"kind":"natural",
		"only":"weap_orb",
		"weight":1, "level":2,
		"alter":{
			"dmg":1,
			"enchants.max":2
		}

	},

	{ "id":"leather", "kind":"leather", "weight":1, "priceMod":1, "level":0,
		"exclude":"weapon,ring,amulet",

		"alter":{
			"enchants.max":2
		}

	},

	{ "id":"wood", "kind":"wood", "adj":"wooden", "priceMod":1, "level":0, "only":"weapon",

		"alter":{
			"tohit":1,
			"dmg":1,
			"armor":1,
			"enchants.max":3
		}
	},
	{ "id":"bone", "kind":"natural", "priceMod":1, "level":2,

		"alter":{
			"tohit":1,
			"dmg":1,
			"armor":1,
			"enchants.max":3
		}

	},
	{ "id":"ivory", "kind":"natural", "priceMod":5, "level":4,

			"alter":{
				"tohit":2,
				"dmg":2,
				"armor":2,
				"enchants.max":4
			}
	},
	{ "id":"mat_gold", "name":"gold", "adj":"golden", "kind":"metal", "priceMod":3, "level":4,

		"alter":{
			"tohit":2,
			"dmg":2,
			"armor":2,
			"enchants.max":3
		}
	},
	{ "id":"mat_ruby",
		"name":"ruby",
		"kind":"crystal",
		"priceMod":7, "level":6,

		"alter":{
			"tohit":-1,
			"dmg":-2,
			"enchants.max":5
		}
	},

	{ "id":"bronze", "kind":"metal", "weight":2, "priceMod":5, "level":2,

		"alter":{
			"tohit":2,
			"dmg":1,
			"armor":1,
			"enchants.max":1
		}
	},
	{ "id":"iron", "kind":"metal", "weight":2, "priceMod":10, "level":3,

		"alter":{
			"tohit":2,
			"dmg":2,
			"armor":2,
			"enchants.max":2
		}
	},
	{ "id":"steel", "kind":"metal", "weight":2, "priceMod":20, "level":4,

		"alter":{
			"dmg":3,
			"armor":2,
			"tohit":4,
			"enchants.max":1
		}
	},
	{
		"id":"dragonscale", "name":"dragonscale",
		"kind":"leather", "weight":1, "priceMod":50, "level":7,
		"noproc":true,
		"exclude":"weapon",

		"alter":{
			"armor":9,
			"enchants.max":4,
			"mod":{
				"self.resist.fire":10
			}
		}

	},
	{
		"id":"basiliskhide", "name":"basilisk hide",
			"kind":"leather", "weight":1, "priceMod":30,  "level":6,
			"noproc":true,
			"exclude":"weapon",

		"alter":{
			"armor":4,
			"enchants.max":2,
			"mod":{
				"self.resist.paralysis":10
			}
		}

	},
	{ "id":"quicksteel", "kind":"metal", "weight":2, "priceMod":25,  "level":5,

		"alter":{
			"dmg":5,
			"armor":4,
			"tohit":7,
			"enchants.max":3
		}
	},

	{ "id":"mithril", "kind":"metal", "weight":1, "priceMod":100, "level":7,

		"alter":{
			"dmg":8,
			"armor":8,
			"tohit":10,
			"enchants.max":6
		}
	},
	{ "id":"ebonwood", "kind":"wood", "weight":1, "priceMod":100, "level":8,

		"alter":{
			"dmg":6,
			"armor":6,
			"tohit":12,
			"enchants.max":7
		}
	},
	{ "id":"idrasil", "kind":"wood", "weight":1, "priceMod":100, "level":8,
		"alter":{
			"dmg":7,
			"armor":7,
			"tohit":9,
			"enchants.max":7
		}
	},
	{ "id":"ethereal", "kind":"ethereal", "weight":0, "priceMod":2000, "level":8,
		"alter":{
			"dmg":5,
			"armor":5,
			"tohit":15,
			"enchants.max":3
		}
	},
	{ "id":"adamant", "kind":"metal", "adj":"adamantine", "priceMod":1000, "level":9,

		"alter":{
			"dmg":10,
			"armor":10,
			"tohit":12,
			"enchants.max":4
		}
	}

]