[

	{
		"id":"crafting",
		"need":"workspace",
		"desc":"an absolutely vital skill for a wizard to craft arcane items.",
		"buy":{
			"research":20
		},
		"run":{
			"stamina":0.5
		},
		"result":{
			"sp":0.1
		},
		"mod":{
			"research.max":1
		}
	},
	{
		"id":"lore",
		"school":"arcane",
		"tags":"t_school",
		"verb":"reading lore",
		"desc":"nothing is more important to a wizard than the depth of their lore.",
		"locked":false,
		"buy":{
			"research":20
		},
		"run":{
			"stamina":0.2
		},
		"result":{
			"arcana":1
		},
		"mod":{
			"research.max":5,
			"spelllist.max":0.5,
			"arcana.max":1
		}

	},
	{
		"id":"spellcraft",
		"school":"arcane",
		"verb":"studying spells",
		"desc":"the ability to build greater spells from lesser is what separates a practitioner from a master.",
		"require":"g.tier2>0&&g.lore>=15",
		"level":8,
		"buy":{
			"sp":5
		},
		"run":{
			"stamina":0.2,
			"research":5
		},
		"mod":{
			"research.max":5,
			"scraft":1,
			"userSpells.max":0.7

		}

	},
	{

		"id":"concentrate",
		"name":"concentration",
		"desc":"keep your mind and nerves sharp under pressure.",
		"verb":"concentrating",
		"require":"(g.mustylibrary+g.loc_spring)>=2",
		"run":{
			"stamina":0.2
		},
		"mod":{
			"history.rate":"1%",
			"stress.max":1
		}

	},
	{

		"id":"composure",
		"name":"composure",
		"desc":"remain unfazed under strain.",
		"require":"g.concentrate>=4",
		"level":3,
		"run":{
			"stamina":0.3
		},
		"mod":{
			"stress.rate":-0.1
		}

	},
	{
		"id":"trickery",
		"school":"arcane",
		"verb":"scheming",
		"require":"g.prestidigitation>25",
		"buy":{
			"sp":2
		},
		"run":{
			"stamina":0.2,
			"gold":1
		},
		"result":{
			"sp":0.15,
			"arcana":0.1
		},
		"mod":{
			"luck":0.4,
			"dodge":0.4
		},"flavor":"sufficiently advanced sleight of hand is indistinguishable from magic"

	},
	{
		"id":"conjuration",
		"school":"arcane",
		"verb":"conjuring",
		"desc":"",
		"require":"g.lore>=10&&g.divination>3",
		"run":{
			"stamina":0.2,
			"spirit":0.2
		},
		"result":{
			"arcana":0.2,
			"sp":0.05
		},
		"mod":{
			"research.max":1,
			"summoning.max":0.2,
			"summoning.rate":0.1
		},"flavor":"who knows where things come from? they just appear."

	},
	{
		"id":"runelore",
		"alias":"runes",
		"name":"runic lore",
		"school":"arcane",
		"verb":"translating",
		"desc":"study ancient dhrunic runes.",
		"require":"g.tier2>0&&g.dwarfbook>0",
		"level":7,
		"buy":{
			"sp":3
		},
		"run":{
			"stamina":0.2,
			"research":1
		},
		"result":{
			"arcana":0.1,
			"sp":0.05
		},
		"mod":{
			"research.max":5,
			"languages.rate":"0.1+2%",
			"languages.max":0.2,
			"lore.rate":0.1,
			"lore.max":0.2
		},"flavor":""

	},
	{
		"id":"animals",
		"name":"animal handling",
		"need":"t_pets",
		"run":{
			"stamina":0.5
		},
		"result":{
			"sp":0.05,
			"research":5
		},
		"mod":{
			"research.max":1
		},
		"flavor":"Tend the rabbits. Or horses."
	},
	{
		"id":"magicbeasts",
		"name":"magic beasts",
		"require":"g.animals>=7&&g.naturelore>=5",
		"desc":"",
		"level":3,
		"run":{
			"stamina":0.7
		},
		"effect":{
			"naturelore.exp":1
		},
		"result":{
			"sp":0.05
		},
		"mod":{
			"animals.rate":"1%",
			"allies.max":0.25,
			"research.max":5
		}

	},
	{
		"id":"charms",
		"require":"g.enchanting>=5&&g.lore>=10",
		"level":3,
		"run":{
			"stamina":0.3
		},
		"result":{
			"sp":0.05
		},"mod":{
			"research.max":1,
			"minions.max":"10%",
			"allies.max":1
		}
	},
	{
		"id":"herbalism",
		"school":"nature",
		"require":"lore",
		"need":"plantsource",
		"buy":{
			"research":25
		},
		"run":{
			"stamina":0.25
		},
		"result":{
			"sp":0.01
		},
		"mod":{
			"research.max":2,
			"herbs.max":2
		}
	},
	{

		"id":"weaving",
		"need":"weavesource",
		"run":{
			"stamina":0.5
		},
		"result":{
			"sp":0.05
		},
		"mod":{
			"crafting.max":0.2,
			"crafting.rate":"0.1+1%"
		}

	},
	{
		"id":"languages",
		"school":"lore",
		"require":"lore",
		"desc":"books and scrolls are written in many obscure languages. learn as many as possible.",
		"verb":"linguisticizing",
		"buy":{
			"research":10
		},
		"run":{
			"stamina":0.2
		},
		"effect":{
			"research":0.1
		},
		"result":{
			"sp":0.05
		},
		"mod":{
			"research.max":5,
			"lore.rate":0.1
		}

	},
	{
		"id":"history",
		"name":"world lore",
		"require":"g.languages>=6",
		"desc":"the knowledge of what has come before reveals what is yet possible.",
		"verb":"historicizing",
		"run":{
			"stamina":0.2
		},
		"effect":{
			"research":0.5
		},
		"result":{
			"sp":0.05
		},
		"mod":{
			"research.max":15,
			"arcana.max":0.1,
			"s_travel.max":0.1,
			"languages.rate":"1%"
		}

	},
	{

		"id":"anatomy",
		"require":"g.neophyte>=0&&g.lore>=6",
		"school":["nature","shadow","light"],
		"desc":"the study of physical form.",
		"level":2,
		"run":{
			"stamina":0.5
		},
		"result":{
			"sp":0.05
		},
		"mod":{
			"research.max":1,
			"hp.max":1,
			"hp.rate":0.1
		}

	},
	{
		"id":"vivification",
		"require":"g.tier4>0&&g.anatomy>0&&g.spiritlore>=5",
		"desc":"",
		"level":3,
		"run":{
			"stamina":1
		},
		"result":{
			"sp":0.01
		},
		"mod":{
			"stamina.rate":0.1,
			"anatomy.rate":"2%"
		}

	},
	{

		"id":"dissection",
		"need":"g.anatomy>=3",
		"school":"shadow",
		"run":{
			"stamina":0.5
		},
		"result":{
			"sp":0.1,
			"bones":1
		},
		"mod":{
			"research.max":5
		}

	},
	{

		"id":"embalming",
		"require":"g.dissection>=3",
		"school":"shadow",
		"run":{
			"stamina":0.5
		},
		"result":{
			"sp":0.05
		},
		"mod":{
			"research.max":1,
			"shadow.rate":0.01
		}

	},
	{

		"id":"summoning",
		"require":"g.tier1>0&&g.conjuration>=5",
		"school":"arcane",
		"level":4,
		"buy":{
			"sp":2
		},
		"run":{
			"stamina":0.7
		},
		"mod":{
			"allies.max":1,
			"research.max":5,
			"minions.max":0.5
		}

	},
	{
		"id":"bloodlore",
		"name":"blood magic",
		"school":"blood",
		"require":"(g.bloodmage+g.thanophage+g.alchemist)>0",
		"level":5,
		"buy":{
			"sp":3
		},
		"run":{
			"stamina":1,
			"hp":1
		},
		"mod":{
			"anatomy.rate":"1%",
			"hp.max":10,
			"hp.rate":0.1
		}
	},
	{

		"id":"bladelore",
		"desc":"Incorporate martial weapons into your magic.",
		"require":"g.spellblade>0||g.battlemage>0||g.dreadlord>0",
		"need":"armssource",
		"level":3,
		"buy":{
			"sp":2
		},
		"run":{
			"stamina":0.6
		},
		"result":{
			"sp":0.05
		},
		"mod":{
			"player.bonuses.slash":1,
			"player.bonuses.pierce":1,
			"player.hits.slash":1,
			"player.hits.pierce":1
		}

	},
	{

		"id":"divination",
		"desc":"the art of foretelling",
		"require":"g.spiritlore>=6||g.mysticism>=5",
		"need":"spiritsource",
		"school":"spirit",
		"run":{
			"stamina":0.4
		},
		"effect":{
			"arcana":0.001
		},
		"result":{
			"sp":0.05
		},
		"mod":{
			"research.max":1,
			"spirit.rate":0.01
		}

	},
	{
		"id":"lightlore",
		"tags":"t_school",
		"name":"lumenology",
		"school":"light",
		"level":2,
		"desc":"study of pure light",
		"need":"lightsource",
		"run":{
			"stamina":0.4
		},
		"mod":{
			"research.max":1,
			"light.max":1,
			"light.rate":0.01
		},
		"flavor":"the light fantastic"

	},
	{
		"id":"shadowlore",
		"tags":"t_school",
		"level":2,
		"require":"g.dissection>=3||g.evil>0",
		"school":"shadow",
		"need":"shadowsource",
		"run":{
			"stamina":0.5
		},
		"mod":{
			"research.max":1,
			"shadow.max":1,
			"shadow.rate":0.01
		}
	},
	{

		"id":"spiritlore",
		"tags":"t_school",
		"name":"spirit lore",
		"level":2,
		"desc":"seeing the unseen",
		"require":"g.lore>=6",
		"need":"spiritsource",
		"school":"spirit",
		"run":{
			"stamina":0.4
		},
		"mod":{
			"research.max":1,
			"spirit.max":1,
			"spirit.rate":0.01
		}

	},
	{
		"id":"firelore",
		"tags":"t_school,elemental",
		"name":"pyromancy",
		"level":2,
		"desc":"the investigation of fire",
		"need":"firesource",
		"run":{
			"stamina":0.4,
			"hp":0.2
		},
		"mod":{
			"research.max":1,
			"fire.max":1,
			"fire.rate":0.01
		},
		"flavor":"dry is good and wind is better"

	},
	{
		"id":"earthlore",
		"name":"geomancy",
		"tags":"t_school,elemental",
		"level":2,
		"need":"earthsource",
		"run":{
			"stamina":0.4
		},
		"mod":{
			"research.max":1,
			"earth":{
				"max":1,
				"rate":0.01
			}
		}
	},
	{
		"id":"waterlore",
		"name":"water lore",
		"desc":"the study of water",
		"verb":"studying water",
		"tags":"elemental,t_school",
		"level":2,
		"need":"watersource",
		"run":{
			"stamina":0.4
		},
		"mod":{
			"research.max":1,
			"water":{
				"max":1,
				"rate":0.01
			}
		}

	},
	{
		"id":"airlore",
		"name":"wind lore",
		"desc":"the study of air",
		"verb":"studying air",
		"tags":"elemental,t_school",
		"level":2,
		"need":"airsource",
		"run":{
			"stamina":0.3
		},
		"mod":{
			"research.max":1,
			"air":{
				"max":1,
				"rate":0.01
			}
		}

	},
	{
		"id":"naturelore",
		"name":"nature lore",
		"verb":"observing nature",
		"tags":"t_school",
		"level":2,
		"require":"g.herbalism>=3",
		"run":{
			"stamina":0.4
		},
		"mod":{
			"research.max":1,
			"nature":{
				"max":1,
				"rate":0.01
			}
		}

	},
	{
		"id":"wizlore",
		"name":"wizard Lore",
		"require":"(g.mage+g.highmage+g.wizard+g.wizard2+g.wizard3)>=2",
		"school":"arcane",
		"desc":"Many ask 'how?' Few think to ask, 'why?'",
		"level":5,
		"run":{
			"stamina":1,
			"research":50,
			"arcana":0.5
		},
		"mod":{
			"lore.rate":"5%",
			"mana.rate":"3%",
			"research.rate":"2%",
			"arcana.rate":"1%"
		}
	},
	{
		"id":"firelore2",
		"name":"fire mastery",
		"desc":"a mastery of fire",
		"level":10,
		"require":"g.firelore>=10",
		"buy":{
			"arcana":1,
			"sp":5,
			"tomes":30,
			"runestones":10
		},
		"run":{
			"stamina":1,
			"fire":0.5
		},
		"mod":{
			"firerune.max":2,
			"fire.max":1,
			"fire.rate":"1%",
			"player.bonuses.fire":1,
			"player.hits.fire":1
		}, "flavor":"dry is good and wind is better"

	},
	{
		"id":"waterlore2",
		"name":"water mastery",
		"desc":"a mastery of water",
		"require":"g.waterlore>=10",
		"level":10,
		"buy":{
			"arcana":1,
			"sp":5,
			"tomes":30,
			"runestones":10
		},
		"run":{
			"stamina":1,
			"water":0.5
		},
		"mod":{
			"waterrune.max":2,
			"water.max":1,
			"water.rate":"1%",
			"player.bonuses.water":1,
			"player.hits.water":1
		}

	},
	{
		"id":"airlore2",
		"name":"air mastery",
		"desc":"a mastery of air",
		"require":"g.airlore>=10",
		"level":10,
		"buy":{
			"arcana":1,
			"sp":5,
			"tomes":30,
			"runestones":10
		},
		"run":{
			"stamina":1,
			"air":0.5
		},
		"mod":{
			"airrune.max":2,
			"air.max":1,
			"air.rate":"1%",
			"player.bonuses.air":1,
			"player.hits.air":1
		}

	},
	{
		"id":"hammerlore",
		"desc":"The anvil or the skull, it makes no difference.",
		"require":"g.geomancer>0||g.earthshaker>0||g.titan>0",
		"need":"armssource",
		"level":3,
		"buy":{
			"sp":2
		},
		"run":{
			"stamina":0.6
		},
		"result":{
			"sp":0.05
		},
		"mod":{
			"player.bonuses.blunt":1,
			"player.hits.blunt":1
		}
	},
	{
		"id":"geosculpting",
		"desc":"Bend the earth to your will.",
		"require":"g.geomancer>0||g.earthshaker>0",
		"level":3,
		"buy":{
			"sp":2
		},
		"run":{
			"stamina":0.6
		},
		"result":{
			"sp":0.05
		},
		"mod":{
			"player.defense":1,
			"player.dodge": -1,
			"earthspire.mod.space.max":1
		}
	},
	{
		"id":"earthlore2",
		"name":"earth mastery",
		"desc":"a mastery of earth",
		"require":"g.earthlore>=10",
		"level":10,
		"buy":{
			"arcana":1,
			"sp":5,
			"tomes":30,
			"runestones":10
		},
		"run":{
			"stamina":1,
			"earth":0.5
		},
		"mod":{
			"earthrune.max":2,
			"earth.max":1,
			"earth.rate":"1%",
			"player.bonuses.earth":1,
			"player.hits.earth":1
		}

	},
	{
		"id":"shadowlore2",
		"name":"shadow mastery",
		"desc":"a mastery of shadow",
		"require":"g.shadowlore>=10",
		"level":10,
		"buy":{
			"arcana":1,
			"sp":5,
			"tomes":30,
			"runestones":10
		},
		"run":{
			"stamina":1,
			"shadow":0.5
		},
		"mod":{
			"shadow.max":1,
			"shadow.rate":"1%",
			"player.bonuses.shadow":1,
			"player.hits.shadow":1
		}

	},
	{
		"id":"lightlore2",
		"name":"light mastery",
		"desc":"a mastery of light",
		"require":"g.lightlore>=10",
		"level":10,
		"buy":{
			"arcana":1,
			"sp":5,
			"tomes":30,
			"runestones":10
		},
		"run":{
			"stamina":1,
			"light":0.5
		},
		"mod":{
			"light.max":1,
			"light.rate":"1%",
			"player.bonuses.light":1,
			"player.hits.light":1
		}

	},
	{
		"id":"spiritlore2",
		"name":"spirit mastery",
		"desc":"a mastery of spirit",
		"require":"g.spiritlore>=10",
		"level":10,
		"buy":{
			"arcana":1,
			"sp":5,
			"tomes":30,
			"souls":10
		},
		"run":{
			"stamina":1,
			"spirit":0.5
		},
		"mod":{
			"spirit.max":1,
			"spirit.rate":"1%",
			"player.bonuses.spirit":1,
			"player.hits.spirit":1
		}

	},
	{
		"id":"manalore2",
		"name":"arcane mastery",
		"desc":"a mastery of pure magic",
		"require":"g.lore>=20",
		"level":10,
		"buy":{
			"arcana":1,
			"sp":5,
			"tomes":30,
			"runestones":10
		},
		"run":{
			"stamina":1,
			"mana":0.5
		},
		"mod":{
			"mana.max":1,
			"mana.rate":"1%",
			"player.bonuses.mana":1,
			"player.hits.mana":1
		}

	},
	{
		"id":"naturelore2",
		"name":"nature mastery",
		"desc":"a mastery of nature",
		"require":"g.naturelore>=10",
		"level":10,
		"buy":{
			"arcana":1,
			"sp":5,
			"tomes":30,
			"runestones":10
		},
		"run":{
			"stamina":1,
			"nature":0.5
		},
		"mod":{
			"nature.max":1,
			"nature.rate":"1%",
			"player.bonuses.nature":1,
			"player.hits.nature":1
		}

	},
	{

		"id":"demonology",
		"require":"tier1",
		"level":4,
		"buy":{
			"sp":2,
			"arcana":1
		},
		"run":{
			"stamina":0.4,
			"hp":1
		},
		"result":{
			"sp":0.1
		},
		"mod":{
			"arcana.max":0.1,
			"lore.rate":0.2,
			"research.max":3
		}

	},
	{

		"id":"reanimation",
		"require":"g.evil>0&&g.embalming>=3",
		"school":["shadow"],
		"run":{
			"stamina":0.5,
			"shadow":0.1
		},
		"result":{
			"sp":0.05
		},
		"mod":{
			"shadow.rate":0.01,
			"allies.max":0.2,
			"necromancy.rate":"1%"
		}

	},
	{

		"id":"necromancy",
		"require":"g.evil>0&&g.reanimation>=7&&g.souls.max>3",
		"school":"shadow",
		"desc":"forbidden death magic.",
		"buy":{
			"sp":3
		},
		"run":{
			"stamina":0.4,
			"shadow":0.5
		},
		"result":{
			"sp":0.05
		},
		"mod":{
			"reanimation.rate":"2%",
			"shadow.rate":0.01
		}

	},
	{
		"id":"potions",
		"require":"g.crafting>=3&&g.alchemy>=2",
		"need":["workspace","potsource"],
		"run":{
			"stamina":0.5
		},
		"result":{
			"sp":0.05
		},
		"mod":{
			"alchemy.rate":"1%",
			"research.max":5
		}
	},
	{
		"id":"enchanting",
		"require":"g.tier1>0&&g.lore>=14",
		"desc":"imbue mundane gems and items with magical properties.",
		"run":{
			"stamina":0.4,
			"research":1
		},
		"mod":{
			"charms.rate":"1%",
			"enchantslots.max":1
		},
		"result":{
			"sp":0.05,
			"arcana":0.1
		}
	},
	{
		"id":"alchemy",
		"school":"elemental",
		"require":"g.tier0>0&&g.herbalism>=4",
		"run":{
			"stamina":0.5
		},
		"result":{
			"sp":0.1,
			"research":5
		},
		"mod":{
			"potions.rate":"1%",
			"research.max":5
		}
	},

	{
		"id":"astronomy",
		"need":"starsource",
		"run":{
			"stamina":0.5
		},
		"result":{
			"sp":0.04
		},
		"mod":{
			"planeslore.rate":"1%",
			"research.max":5
		}
	},
	{
		"id":"mysticism",
		"require":"g.lore>=8",
		"desc":"the ability to sense the flow and flux of arcane energies.",
		"buy":{
			"arcana":1
		},
		"run":{
			"stamina":0.5
		},
		"mod":{
			"mana.max":0.5,
			"arcana.rate":0.001,
			"prismatic.rate":0.02
		}
	},
	{
		"id":"s_travel",
		"name":"travel",
		"level":2,
		"require":"(g.languages+g.history)>=12",
		"desc":"Travel offers a growing wizard new avenues of research and new sources of research.",
		"run":{
			"stamina":0.5
		},
		"mod":{
			"dist":"5%"
		}

	},
	{

		"id":"planeslore",
		"name":"planes lore",
		"require":"g.astronomy>=5&&g.tier1>0",
		"level":6,
		"desc":"farther than the stars and closer than your fingertips",
		"buy":{
			"sp":2,
			"arcana":5
		},
		"run":{
			"stamina":0.7,
			"research":1,
			"mana":0.1
		},
		"mod":{
			"dist":"1%",
			"arcana.max":1,
			"research.max":1
		}, "flavor":"there is no safe distance"

	},
	{

		"id":"astrallore",
		"name":"astral lore",
		"require":"g.planeslore>=25&&g.tier5>0",
		"desc":"Anyone can see the stars. Few can read them.",
		"level":10,
		"buy":{
			"sp":10,
			"arcana":1
		},
		"run":{
			"stamina":1,
			"research":10,
			"arcana":5
		},
		"mod":{
			"sindel.rate":0.0001,
			"sindel.max":0.4
		}

	},
	{

		"id":"voidlore",
		"name":"void lore",
		"require":"g.planeslore>=10&&g.tier5>0",
		"desc":"the absence of all things",
		"level":10,
		"buy":{
			"sp":5,
			"arcana":5
		},
		"run":{
			"stamina":0.7,
			"research":5,
			"arcana":0.1
		},
		"mod":{
			"space.max":"2%",
			"dist":"1%",
			"research.max":1
		}, "flavor":"what could go wrong?"

	},
	{
		"id":"chronomancy",
		"require":"tier3",
		"need":"timesource",
		"tags":"t_school",
		"level":9,
		"desc":"There must be a way...",
		"buy":{
			"sp":5
		},
		"run":{
			"stamina":0.3,
			"research":1,
			"mana":1
		},
		"mod":{
			"tempus.max":1,
			"tempus.rate":0.001
		},"flavor":"too much to do, so little time."

	},
	{
		"id":"scrying",
		"require":"g.divination>5",
		"run":{
			"stamina":0.5
		},
		"effect":{
			"arcana":0.001
		},
		"mod":{
			"mana.max":0.2,
			"research.max":1,
			"dist":"1%",
			"arcana.max":0.2
		}
	}

]
