[
	{
		"id":"charmed",
		"flags":"charmed",
		"kind":"charm",
		"mod":{
			"tohit":-5
		}
	},
	{
		"id":"disgust",
		"adj":"disgusted",
		"kind":"disgust",
		"flags":"noattack"
	},
	{
		"id":"enrage",
		"adj":"enraged",
		"kind":"rage",
		"flags":"nodefend"
	},
	{
		"id":"entangle",
		"adj":"entangled",
		"kind":"entangle",
		"flags":"noattack"
	},

	{
		"id":"fear",
		"adj":"afraid",
		"kind":"fear",
		"flags":"noattack",
		"mod":{
			"defense":-5
		}
	},

	{
		"id":"paralyze",
		"adj":"paralyzed",
		"kind":"paralysis",
		"flags":"noact"
	},
	{
        "id":"prone",
        "adj":"prone",
        "kind":"knockdown",
        "flags":"noact"
	},
	{
		"id":"sacked",
		"flags":"noattack,nodefend",
		"mod":{
			"tohit":-10
		}
	},
	{
		"id":"sick",
		"kind":"sickness",
		"duration":20,
		"mod":{
			"tohit":-5,
			"defense":-5
		}
	},
	{
		"id":"silence",
		"adj":"silenced",
		"kind":"silence",
		"flags":"nocast"
	},
	{
		"id":"sleep",
		"adj":"asleep",
		"kind":"sleep",
		"flags":"noact"
	}

]