[
	{
		"id":"bf",
		"tags":"stress",
		"name":"befuddlement",
		"desc":"outright confusion in your studies",
		"reverse":true,
		"max":10
	},
	{
		"id":"unease",
		"desc":"a general feeling of unwell",
		"tags":"stress",
		"reverse":true,
		"max":10
	},
	{
		"id":"weary",
		"name":"weariness",
		"desc":"the fatigue of mental strain",
		"tags":"stress",
		"reverse":true,
		"max":10
	},
	{
		"id":"rage",
		"name":"frustration",
		"desc":"rising book-throwing urges",
		"tags":"stress",
		"reverse":true,
		"max":10
	},
	{
		"id":"madness",
		"desc":"warping of your mind under magical influences",
		"tags":"stress",
		"reverse":true,
		"max":10
	}

]