[

	{
		"id":"leavemaster",
		"name":"End Apprenticeship",
		"desc":"Purchase freedom from your apprenticeship. You will become an independent practitioner of magic.",
		"warn":true,
		"require":"g.neophyte>0&&g.research.max>=100&&g.lore>=4",
		"repeat":false,
		"cost":{
			"research":225,
			"arcana":5,
			"gold":200
		},
		"result":"adept"

	},
	{
		"id":"slaymaster",
		"name":"Slay Master",
		"desc":"Murder your master in their sleep.",
		"require":"g.neophyte>0&&g.research.max>=100&&g.lore>=4",
		"warn":true,
		"repeat":false,
		"flavor":"Save heaps of money with the power of evil",
		"cost":{
			"research":225,
			"arcana":5
		},
		"log":{
			"name":"Master Slain",
			"desc":"Your master was a fool. A quick murder in the dark put an end to their petty demands, and frees you to pursue your own grander designs."
		},
		"result":["adept","evil", {
			"bodies":1,
			"player.exp":10
		}]

	},
	{

		"id":"magicbroomstick",
		"name":"magic broomstick",
		"require":"g.witch>0&&g.crafting>=7&&g.spirit.max>=5",
		"flavor":"",
		"slot":"mount",
		"buy":{
			"broomstick":1,
			"research":200,
			"nature":5,
			"spirit":5,
			"gold":100,
			"arcana":1
		},
		"mod":{
			"dist":115,
			"spirit.max":1
		}

	},
	{

		"id":"ebonwoodbroomstick",
		"name":"ebonwood broomstick",
		"require":"g.witch>0&&g.crafting>=15&&g.tier3>0",
		"flavor":"",
		"slot":"mount",
		"buy":{
			"broomstick":1,
			"research":1000,
			"nature":10,
			"spirit":10,
			"gold":1000,
			"arcana":1
		},
		"mod":{
			"dist":355,
			"spirit.max":1,
			"spirit.rate":0.1
		}

	},
	{

		"id":"flyingcarpet",
		"name":"flying carpet",
		"require":"g.weaving>=5&&g.airlore>=10",
		"flavor":"a whole new world",
		"slot":"mount",
		"buy":{
			"gems":20,
			"research":300,
			"airgem":5,
			"gold":300,
			"arcana":1
		},
		"mod":{
			"dist":300
		}

	},
	{
		"id":"timesplit",
		"desc":"perform tasks of different types simultaneously.",
		"require":"chronomancy",
		"cost":{
			"arcana":10,
			"tempus":5
		},
		"mod":{
			"runner.max":1
		}

	},
	{
		"id":"mule",
		"desc":"a mount that doesn't require much training.",
		"require":"g.player.level>=4||g.animals>=2",
		"slot":"mount",
		"tags":"steed",
		"buy":{
			"gold":100
		},
		"mod":{
			"dist":15
		}

	},
	{
		"id":"oldnag",
		"name":"old nag",
		"desc":"this horse has seen better days.",
		"require":"g.animals>=3",
		"slot":"mount",
		"tags":"steed",
		"buy":{
			"gold":200
		},
		"mod":{
			"dist":30
		}

	},
	{
		"id":"gelding",
		"name":"demure gelding",
		"desc":"a calm and sturdy horse, for moderate journeys.",
		"slot":"mount",
		"tags":"steed",
		"require":"stables",
		"buy":{
			"gold":500,
			"gems":2
		},
		"mod":{
			"dist":55
		}

	},
	{
		"id":"bayhorse",
		"name":"fine bay",
		"desc":"a fine horse in its prime",
		"require":"stables",
		"slot":"mount",
		"tags":"steed",
		"buy":{
			"gold":900,
			"gems":5
		},
		"mod":{
			"dist":100
		}

	},
	{
		"id":"skelcharger",
		"name":"skeletal charger",
		"desc":"it neither breathes nor tires.",
		"require":"g.reanimation>=5",
		"need":"stables",
		"slot":"mount",
		"tags":"steed",
		"buy":{
			"gold":400,
			"bones":10,
			"shadowgem":2,
			"bonedust":25
		},
		"mod":{
			"dist":270
		}

	},
	{
		"id":"firecharger",
		"name":"fire charger",
		"desc":"hooves of flame leave lines of fire in the ground",
		"require":"g.firelore>5&&g.magicbeasts>=5",
		"need":"stables",
		"slot":"mount",
		"tags":"steed",
		"buy":{
			"research":500,
			"arcana":1,
			"fire":5,
			"firegem":5
		},
		"mod":{
			"dist":275
		}

	},
	{
		"id":"fly",
		"desc":"fly on the wind",
		"require":"g.airlore>=20",
		"slot":"mount",
		"buy":{
			"arcana":20,
			"research":10000,
			"airgem":20
		},
		"mod":{
			"player.bonuses.air":2,
			"speed":1,
			"dist":525
		}

	},
	{
		"id":"firechariot",
		"name":"chariot of fire",
		"desc":"",
		"require":"g.firelore>=20||g.lightlore>20",
		"slot":"mount",
		"buy":{
			"research":10000,
			"arcana":15,
			"lightgem":15,
			"firegem":15
		},
		"mod":{
			"dist":550
		},"flavor":"bring me my chariot of fire"

	},
	{
		"id":"pegasusmount",
		"name":"pegasus",
		"desc":"a winged horse",
		"require":"g.lightlore>=20",
		"need":"stables",
		"slot":"mount",
		"tags":"steed",
		"buy":{
			"gold":2000,
			"gems":5
		},
		"mod":{
			"dist":320
		}

	},
	{
		"id":"gryffonmount",
		"name":"gryffon",
		"desc":"as fleet as it is fearsome.",
		"require":"g.magicbeasts>=7",
		"need":"stables",
		"slot":"mount",
		"tags":"steed",
		"buy":{
			"gold":2000,
			"gems":5
		},
		"mod":{
			"dist":325
		}

	},
	{
		"id":"magichorseshoe",
		"name":"Magic Horseshoes",
		"require":"g.enchanting>=5&&g.crafting>=10",
		"need":"steed",
		"cost":{
			"gems":10,
			"research":500
		},
		"mod":{
			"dist":"20%"
		}

	},
	{

		"id":"tent",
		"name":"travel tent",
		"require":"g.naturelore>=3",
		"desc":"allows you to stay in the wilds longer.",
		"cost":{
			"gold":100,
			"research":50
		},
		"mod":{
			"naturelore.max":1,
			"dist":5
		}

	},
	{

		"id":"up_map1",
		"name":"travel map",
		"require":"g.crafting>=6&&g.astronomy>=4",
		"desc":"a map of the surrounding localities.",
		"cost":{
			"research":700
		},
		"mod":{
			"dist":"5%"
		}

	},
	{

		"id":"up_pack",
		"name":"travel pack",
		"require":"tier0",
		"desc":"a pack to facilitate longer travels.",
		"cost":{
			"gold":800
		},
		"mod":{
			"dist":"7%"
		},"flavor":"someone needs to have a talk with the sack-maker's guild."

	},
	{

		"id":"up_ten_map",
		"name":"tenwick's travel map",
		"require":"g.history>=4||g.crafting>=10",
		"desc":"though neither a mage, nor a warrior, few braved the wilds of inner-Dhrune so completely as Tenwick.",
		"cost":{
			"gold":800,
			"research":900
		},
		"mod":{
			"dist":"25%"
		}

	},
	{
		"id":"magictent",
		"name":"casgair's conjured canopy",
		"desc":"conjure a large tent for long journeys.",
		"require":"g.lore>=15&&g.conjuration>=5&&g.research.max>=800",
		"cost":{
			"research":1000,
			"arcana":1,
			"gems":10
		},
		"mod":{
			"dist":"25%"
		}

	},
	{
		"id":"waxcandle",
		"name":"wax candle",
		"tags":"candle",
		"desc":"A tiny glowing candle.",
		"flavor":"You no take candle!",
		"max":1,
		"require":"mana",
		"cost":{
			"gold":10
		},
		"mod":{
			"mana.rate":0.02
		}
	},
	{
		"id":"mortar",
		"name":"Mortar and Pestle",
		"desc":"Useful for grinding herbs & fine ingredients.",
		"require":"g.herbalism>=2&&g.herbs>=5",
		"cost":{
			"gold":40,
			"research":10
		},
		"mod":{
			"research.max":5,
			"herbalism.rate":0.1,
			"herbalism.max":1
		}
	},
	{
		"id":"pouch",
		"desc":"Keep your money safe.",
		"require":"g.gold>=5",
		"max":3,
		"cost":{
			"gold":5
		},
		"flavor":"seems a tad pricey for a bag.",
		"mod":{
			"gold.max":10
		}
	},
	{
		"id":"gembag",
		"name":"velvet bag",
		"desc":"Small bag keeps gems safe without scratching.",
		"require":"g.gems>=5",
		"max":2,
		"cost":{
			"gold":300
		},
		"flavor":"who prices these bags?!",
		"mod":{
			"magicgems.max":1,
			"gems.max":5
		}
	},

	{
		"id":"gembox",
		"name":"gem box",
		"desc":"Finely crafted box for storing magic gems.",
		"require":["tier0","magicgems"],
		"max":5,
		"cost":{
			"gems":15,
			"gold":800
		},
		"mod":{
			"magicgems.max":2,
			"gems.max":3
		}
	},

	{
		"id":"herbbag",
		"name":"herb pouch",
		"desc":"bag for holding herbs",
		"require":"g.herbalism>=4",
		"max":3,
		"cost":{
			"gold":100,
			"research":50
		},
		"mod":{
			"herbs.max":10
		},
		"flavor":"it holds herbs"
	},
	{

		"id":"runebag",
		"name":"rune pouch",
		"desc":"pouch for holding runes",
		"require":"g.runelore>=5",
		"max":5,
		"cost":{
			"gems":50,
			"research":1000
		},
		"mod":{
			"runestones.max":5
		}

	},

	{
		"id":"orb",
		"name":"arcane orb",
		"desc":"Stores magical energy.",
		"require":"g.mana.max>=10&&g.crafting>=7",
		"max":2,
		"cost":{
			"gems":5,
			"mana":10,
			"research":200
		},
		"mod":{
			"mana.rate":0.03
		}

	},
	{
		"id":"unseenscribe",
		"name":"unseen scribe",
		"desc":"the quill lifts off the desk and begins to write...",
		"need":["writingdesk","air","spirit"],
		"max":3,
		"cost":{
			"arcana":1,
			"spirit":1,
			"air":1,
			"research":100
		},
		"flavor":"magic will do our magic for us now",
		"mod":{
			"scrolls.rate":0.05
		}

	},
	{
		"id":"ghostcompiler",
		"name":"ghost compiler",
		"desc":"an invisible spirit binds your scrolls into codices.",
		"require":"g.tier1>0&&g.unseenscribe>0",
		"max":3,
		"cost":{
			"arcana":1,
			"spirit":5,
			"research":200
		},
		"flavor":"spirits never sleep",
		"mod":{
			"scrolls.rate":-0.01,
			"codices.rate":0.01
		}

	},
	{
		"id":"ghostchains",
		"name":"ghost chains",
		"require":"g.tier2>0&&g.spirit>=8&&g.ghostcompiler>1",
		"desc":"hold more spirits in your sway",
		"max":3,
		"cost":{
			"research":200,
			"tomes":1,
			"spirit":7,
			"air":5
		},
		"mod":{
			"ghostcompiler.max":3,
			"unseenscribe.max":3
		}
	},
	{
		"id":"morbidtrinkets",
		"name":"morbid trinkets",
		"desc":"you have an unhealthy preoccupation with the macabre",
		"require":"bonemonger",
		"cost":{
			"bones":40,
			"research":800,
			"spiritgem":5
		},
		"mod":{
			"bones.max":"15%"
		}

	},
	{
		"id":"unholyspecimens",
		"name":"unholy specimens",
		"desc":"your somber collection grows.",
		"require":"g.ossuary>=4",
		"cost":{
			"bones":40,
			"research":800,
			"gold":300,
			"gems":10
		},
		"mod":{
			"ossuary.mod.bones.max":10
		}
	},
	{
		"id":"bonecollector",
		"name":"bone collector",
		"require":"g.reanimation>=5&&g.crafting>=7",
		"desc":"create a gibbering ghoul to scavenge for bones.",
		"max":3,
		"cost":{
			"arcana":1,
			"shadow":5,
			"research":500
		},
		"mod":{
			"bones.rate":0.005
		},"flavor":"don't ask where it finds them."

	},
	{

		"id":"woodpipe",
		"name":"wood pipe",
		"desc":"Finely carved wooden pipe. Ruminate while peering into the sunset or a fire.",
		"require":"g.scrying>=5&&g.crafting>=7",
		"cost":{
			"gems":5
		},
		"mod":{
			"divination.rate":"5%",
			"scrying.max":1,
			"scrying.rate":0.2
		}

	},
	{

		"id":"longpipe",
		"name":"long-stem pipe",
		"desc":"",
		"require":"g.scrying>=7&&g.crafting>=8",
		"cost":{
			"spiritgem":5,
			"research":500,
			"spirit":5
		},
		"mod":{
			"divination.rate":"10%",
			"scrying.max":1,
			"scrying.rate":0.3
		}

	},
	{
		"id":"pendulum",
		"tags":"timesource",
		"require":"g.lore>=20",
		"cost":{
			"managem":1,
			"research":5000
		},
		"mod":{
			"research.max":5,
			"tempus.rate":0.001
		}
	},
	{
		"id":"metronome",
		"desc":"focus of temporal synchronicity",
		"tags":"timesource",
		"require":"g.crafting>=10&&g.tempus.max>=1",
		"cost":{
			"gold":50,
			"research":300,
			"gems":10
		},
		"mod":{
			"chronomancy.max":1,
			"tempus.rate":0.001
		}

	},
	{
		"id":"celestialglobe",
		"name":"celestial globe",
		"desc":"a globe of the stars and constellations.",
		"require":"g.astronomy>=9&&g.crafting>=9",
		"cost":{
			"arcana":1,
			"research":200,
			"gold":200
		},
		"mod":{
			"starcharts.max":15,
			"research.max":10,
			"divination.max":1,
			"divination.rate":"20%",
			"astronomy.max":1,
			"astronomy.rate":"10%",
			"starcharts.rate":0.001
		}
	},
	{
		"id":"armillarysphere",
		"name":"armillary sphere",
		"desc":"a small mechanical model of the known worlds",
		"require":"g.astronomy>=7&&g.crafting>=7",
		"cost":{
			"arcana":1,
			"research":100,
			"gold":200
		},
		"mod":{
			"starcharts.max":10,
			"research.max":10,
			"planeslore.max":1,
			"planeslore.rate":0.3,
			"astronomy.max":1,
			"astronomy.rate":0.3,
			"starcharts.rate":0.008
		}
	},
	{

		"id":"grimoire",
		"desc":"The handbook of witches",
		"require":"g.witch>0&&g.tier2>0",
		"cost":{
			"gold":50,
			"spirit":2,
			"research":50,
			"codices":1
		},
		"result":{
			"sp":1
		},
		"mod":{
			"codices.rate":0.001,
			"demonology.max":1,
			"research.max":10,
			"potions.max":2,
			"potions.rate":0.1,
			"spirit.rate":0.1
		}

	},
	{
		"id":"fourleaf",
		"name":"four leaf clover",
		"desc":"a small but helpful charm.",
		"require":"g.trickery>=3&&g.herbs>=3",
		"cost":{
			"herbs":4,
			"nature":4,
			"research":100,
			"arcana":1
		},
		"mod":{
			"dodge":1,
			"luck":1
		}

	},
	{

		"id":"restless",
		"name":"restless nights",
		"desc":"continue working even while idle",
		"require":"g.lore>2",
		"cost":{
			"research":100
		},
		"mod":{
			"gold.rate":0.1
		},"flavor":"a good apprentice knows there are 30 hours to the day."

	},
	{
		"id":"speakbirds",
		"name":"Speak to Birds",
		"desc":"Learn the secret languages of birds.",
		"require":"g.falconer>0||(g.birdcage>0&&g.animals>7)",
		"cost":{
			"research":250,
			"nature":1
		},
		"mod":{
			"research.max":5,
			"naturelore.max":2,
			"naturelore.rate":"0.2+1%",
			"languages.max":1,
			"languages.rate":0.2,
			"animals.rate":"0.2+1%"
		}

	},
	{
		"id":"dragontongue",
		"name":"Dragon Tongue",
		"desc":"Learn the ancient language of dragons.",
		"require":"g.languages>12&&g.magicbeasts>=5",
		"cost":{
			"research":1000
		},
		"mod":{
			"languages.max":2,
			"languages.rate":"10%",
			"magicbeasts.max":2,
			"magicbeasts.rate":0.3
		}

	},
	{
		"id":"purse",
		"desc":"Common way to carry coins.",
		"require":"g.gold>=20",
		"max":2,
		"cost":{
			"gold":15
		},
		"mod":{
			"gold.max":20
		}
	},
	{

		"id":"transfusions",
		"desc":"Learn to perform life-force transfusions",
		"require":"g.anatomy>=5&&g.tier0>0",
		"cost":{
			"research":100,
			"arcana":1
		}

	},
	{

		"id":"manatrans",
		"name":"Energy Transfusion",
		"desc":"Transfusions now draw magical energy from bodies.",
		"require":"g.anatomy>=7&&g.lore>=8&&g.transfusions>0",
		"cost":{
			"research":400,
			"arcana":1
		},
		"mod":{
			"bloodsiphon.effect.manas":1,
			"bloodsiphon.effect.shadow":1,
			"bloodsiphon.effect.spirit":1
		}

	},
	{

		"id":"hiddenpockets",
		"require":"g.magician>0||g.trickster>0&&g.trickery>0",
		"cost":{
			"research":300,
			"arcana":1
		},
		"repeat":false,
		"flavor":"Nothing up my sleeves...",
		"mod":{
			"purse.max":3,
			"pouch.max":5,
			"inv.max":1
		}

	},
	{
		"id":"carddeck",
		"name":"card deck",
		"desc":"a simple deck of cards",
		"require":"g.prestidigitation>0",
		"tags":"tricksource",
		"cost":{
			"gold":50
		},"mod":{
			"luck":0.5
		}

	},
	{
		"id":"threesidecoin",
		"name":"three-sided coin",
		"desc":"you create your own luck",
		"require":"g.trickery>=4",
		"tags":"tricksource",
		"cost":{
			"research":200,
			"gold":300
		},"mod":{
			"trickery.max":1,
			"trickery.rate":0.3
		}

	},
	{
		"id":"bloodbag",
		"name":"membranous pouch",
		"desc":"A sack woven from living tissue helps preserve the gems.",
		"require":"g.bloodlore>=5&&g.weaving>5",
		"max":1,
		"cost":{
			"hp":100,
			"bloodgem":5,
			"bodies":1
		},
		"mod":{
			"bloodgem.max":5
		}

	},
	{
		"id":"deepincisions",
		"name":"deep incisions",
		"desc":"The safest place to store your precious gems is by your heart.",
		"require":"g.bloodbag>0&&g.dissection>=5",
		"repeat":false,
		"cost":{
			"hp":100,
			"bloodgem":15
		},
		"mod":{
			"dissection.max":1,
			"bloodbag.max":3
		}

	},
	{
		"id":"bagofholding",
		"name":"bag of holding",
		"require":"g.lore>10&&g.conjuration>7",
		"desc":"You'll make your own bags, thank you.",
		"max":1,
		"cost":{
			"gold":1000,
			"research":2000,
			"arcana":3
		},
		"mod":{
			"inv.max":4,
			"gold.max":100,
			"gems.max":20,
			"prismaticgems.max":5
		},"flavor":"the research costs a little more than you expected..."

	},
	{
		"id":"deeppockets",
		"name":"Deep Pockets",
		"require":"g.hiddenpockets>0&&g.trickster>0&&g.conjuration>2",
		"desc":"Cheaper than buying pouches.",
		"cost":{
			"research":300,
			"arcana":1
		},
		"mod":{
			"pouch.mod.gold.max":5,
			"purse.mod.gold.max":10,
			"inv.max":1
		},
		"flavor":"There's another coin down here somewhere..."
	},
	{

		"id":"retreat",
		"alias":"expedientretreat",
		"name":"two-way portal",
		"desc":"return to dungeons below your level after making a hasty exit.",
		"require":"g.trickster>0||g.tier2>0",
		"cost":{
			"arcana":10,
			"research":2000
		},
		"mod":{
			"player.retreat":1
		}

	},
	{
		"id":"gemcraft",
		"require":"g.tier4>0&&g.crafting>=16",
		"warn":true,
		"cost":{
			"research":7500,
			"tomes":10,
			"arcana":15,
			"sp":5
		},
		"desc":"Allow you to imbue gems continuously as an activity.",
		"mod":{
			"gemimbue.perpetual":true,
			"gemimbue.length":5
		}

	},
	{
		"id":"advgems",
		"name":"advanced gemcraft",
		"require":"g.gemcraft>0&&g.crafting>=18",
		"warn":true,
		"cost":{
			"research":10000,
			"tomes":10,
			"arcana":15,
			"sp":10
		},
		"desc":"Improve the speed of your gem enchanting.",
		"mod":{
			"gemimbue.length":"-75%"
		}

	},
	{
		"id":"earthaffinity",
		"desc":"earth affinity",
		"require":"g.earth>10",
		"cost":{
			"research":3000,
			"earthgem":10,
			"tomes":1
		},
		"mod":{
			"player.resist.earth":5
		}

	},
	{
		"id":"poisonaffinity",
		"name":"poison affinity",
		"desc":"a natural resistance to most poisons.",
		"require":"g.nature>10&&g.druid>0",
		"cost":{
			"research":3000,
			"naturegem":10,
			"tomes":1
		},
		"mod":{
			"player.resist.poison":7,
			"player.resist.venom":7
		}

	},
	{
		"id":"airaffinity",
		"desc":"air affinity",
		"require":"g.air>10",
		"cost":{
			"research":3000,
			"airgem":10,
			"tomes":1
		},
		"mod":{
			"player.resist.air":5
		}

	},
	{
		"id":"wateraffinity",
		"desc":"water affinity",
		"require":"g.water>10",
		"cost":{
			"research":3000,
			"watergem":10,
			"tomes":1
		},
		"mod":{
			"player.resist.water":5
		}

	},
	{
		"id":"fireaffinity",
		"desc":"fire affinity",
		"require":"g.fire>10",
		"cost":{
			"research":3000,
			"firegem":10,
			"tomes":1
		},
		"mod":{
			"player.resist.fire":5
		}

	},
	{
		"id":"firesign",
		"name":"fire sign",
		"require":"g.fireaffinity>0&&g.fire>14",
		"warn":true,
		"lock":["watersign","airsign","earthsign"],
		"desc":"born under the celestial sign of fire",
		"cost":{
			"research":5000,
			"firegem":15,
			"tomes":5
		},
		"mod":{
			"player.resist.fire":15
		}

	},
	{
		"id":"watersign",
		"name":"water sign",
		"require":"g.wateraffinity>0&&g.water>14",
		"lock":["firesign","airsign","earthsign"],
		"warn":true,
		"desc":"born under the celestial sign of water",
		"cost":{
			"research":5000,
			"watergem":15,
			"tomes":5
		},
		"mod":{
			"player.resist.water":15
		}

	},
	{
		"id":"earthsign",
		"name":"earth sign",
		"require":"g.earthaffinity>0&&g.earth>14",
		"lock":["watersign","airsign","firesign"],
		"warn":true,
		"desc":"born under the celestial sign of earth",
		"cost":{
			"research":5000,
			"earthgem":15,
			"tomes":5
		},
		"mod":{
			"player.resist.earth":15
		}

	},
	{
		"id":"airsign",
		"name":"wind sign",
		"warn":true,
		"require":"g.airaffinity>0&&g.air>14",
		"lock":["watersign","firesign","earthsign"],
		"desc":"born under the celestial sign of wind",
		"cost":{
			"research":5000,
			"airgem":15,
			"tomes":5
		},
		"mod":{
			"player.resist.air":15
		}

	},
	{
		"id":"poisonveins",
		"name":"poison veins",
		"desc":"you do not fear poison",
		"require":"g.poisonaffinity>0&&g.nature>14",
		"cost":{
			"research":5000,
			"naturegem":15,
			"tomes":5
		},
		"mod":{
			"player.resist.poison":13,
			"player.resist.venom":13
		}

	},
	{

		"id":"coinmagic",
		"name":"coin tricks",
		"require":"hiddenpockets",
		"desc":"Manipulate coins to produce more coins.",
		"cost":{
			"research":400
		},
		"repeat":false,
		"flavor":"didn't even palm it.",
		"mod":{
			"gold.rate":0.15
		}

	},

	{
		"id":"guidingstar",
		"name":"guiding star",
		"require":"g.astronomy>=15&&g.evil<=0",
		"desc":"a light in the heavens guides your way.",
		"cost":{
			"research":5000,
			"arcana":15
		},
		"mod":{
			"player.tohit":4,
			"scrying.max":2,
			"scrying.rate":"2%"
		},"flavor":"Mornië alantië"

	},

	{
		"id":"wishingwells",
		"name":"wishing wells",
		"require":"g.divination>=4&&g.fountain>0",
		"cost":{
			"gold":500,
			"research":500,
			"water":10
		},
		"mod":{
			"fountain.mod.gold.max":50,
			"fountain.mod.gold.rate":0.1
		}

	},
	{

		"id":"satchel",
		"desc":"Carry more scrolls.",
		"require":"g.scrolls>=10",
		"scale":2,
		"cost":{
			"gold":50
		},
		"max":1,
		"mod":{
			"scrolls.max":15
		}

	},
	{

		"id":"abstraction",
		"desc":"A wizard's power is the sum of their knowledge",
		"require":"g.lore>=14",
		"cost":{
			"research":1000,
			"tomes":5,
			"bloodgem":10,
			"arcana":5,
			"sp":1
		},
		"mod":{
			"research.rate":-0.2,
			"hp.rate":0.5
		}

	},
	{

		"id":"alkahest",
		"name":"alkahest",
		"desc":"Discover a Universal Solvent",
		"require":"g.alchemy>=15&&g.crafting>=10",
		"cost":{
			"research":700,
			"gold":300,
			"tomes":1,
			"gems":15
		},
		"mod":{
			"alchemy.max":2,
			"alchemy.rate":0.3
		},"flavor":"anything can be a liquid"

	},
	{

		"id":"prism",
		"desc":"A small crystal for performing optical experiments.",
		"require":"neophyte",
		"tags":"lightsource",
		"cost":{
			"gold":50,
			"research":50
		},
		"mod":{
			"research.max":10,
			"light.rate":0.01
		}

	},
	{
		"id":"windchime",
		"name":"windchime",
		"tags":"airsource,spiritsource",
		"desc":"Focus of air magic.",
		"require":"g.space.max>10",
		"cost":{
			"gems":10,
			"research":100
		},
		"mod":{
			"air.rate":0.01,
			"air.max":1,
			"spirit.max":1,
			"spirit.rate":0.005
		}
	},
	{
		"id":"dreamcatcher",
		"name":"dream catcher",
		"desc":"you may not like what you catch.",
		"tags":"spiritsource",
		"require":"g.crafting>=5",
		"max":1,
		"cost":{
			"gold":50,
			"research":50,
			"mana":2
		},
		"mod":{
			"spiritlore.max":1,
			"spirit.rate":0.01
		}
	},
	{
		"id":"heartcandle",
		"name":"Heart Candle",
		"tags":"candle",
		"desc":"A warm glowing candle.",
		"max":2,
		"flavor":"Spare a little candle, save some light for me.",
		"require":"g.mana.max>=50",
		"cost":{
			"gold":35
		},
		"mod":{
			"fire.max":0.04,
			"fire.rate":0.01
		}
	},
	{
		"id":"holycandle",
		"name":"holy candle",
		"tags":"candle",
		"desc":"White glowing candle",
		"max":2,
		"require":"g.light.max>=10",
		"flavor":"It is better to light one candle than to curse the darkness.",
		"cost":{
			"gold":75
		},
		"mod":{
			"light.max":0.2,
			"light.rate":0.01
		}
	},
	{
		"id":"sombercandle",
		"name":"somber candle",
		"tags":"candle",
		"desc":"Its faint light stirs the restless spirits.",
		"repeat":true,
		"max":5,
		"require":"g.spiritlore.max>=7",
		"cost":{
			"gold":150,
			"bonedust":10
		},
		"mod":{
			"spiritlore.max":0.2,
			"spirit.rate":0.01
		}
	},
	{
		"id":"blackcandle",
		"name":"unholy candle",
		"tags":"candle",
		"desc":"What flames cast shadows?",
		"repeat":true,
		"max":2,
		"require":"g.shadow.max>=10",
		"flavor":"darkness, darkness.",
		"cost":{
			"gold":75
		},
		"mod":{
			"shadow.max":0.2,
			"shadow.rate":0.01
		}
	},
	{

		"id":"urn",
		"desc":"receptacle for dust",
		"require":"g.crafting>=5&&g.spirit>4",
		"max":3,
		"cost":{
			"gold":300,
			"research":100,
			"spirit":5
		},
		"mod":{
			"bonedust.max":5,
			"spiritlore.max":0.25,
			"spiritlore.rate":0.1
		}

	},
	{
		"id":"ball",
		"name":"crystal ball",
		"tags":"spiritsource",
		"desc":"A crystal sphere revealing distant lands.",
		"require":"g.tier0>0&&g.gems>0",
		"cost":{
			"gems":3,
			"research":200
		},
		"mod":{
			"arcana.rate":0.0001,
			"spirit.max":1,
			"spirit.rate":0.01
		}
	},
	{
		"id":"breviary",
		"require":"pedestal",
		"desc":"a weighty tome of knowledge.",
		"cost":{
			"research":50,
			"gold":100,
			"codices":1
		},
		"mod":{
			"lore.max":1,
			"lore.rate":0.1,
			"study.effect.research":0.01,
			"study.effect.arcana":0.001
		}
	},
	{
		"id":"thirdeye",
		"name":"third eye",
		"tags":"spiritsource",
		"require":"g.scrying>=5&&g.spirit.max>=7",
		"desc":"See without seeing.",
		"cost":{
			"spirit":5,
			"arcana":1,
			"research":200,
			"gems":1
		},
		"mod":{
			"spirit.max":1,
			"spirit.rate":0.01,
			"divination.max":1,
			"scrying.max":1
		}

	},
	{
		"id":"chakravarti",
		"desc":"wheels upon wheels; you turn them all.",
		"title":"chakravarti",
		"require":"(g.dreadlord+g.battlemage)>0&&g.player.level>=20",
		"cost":{
			"research":800,
			"hp":100,
			"tomes":5
		},
		"mod":{
			"anatomy.max":2,
			"arcanebody.max":3,
			"minions.max":2,
			"allies.max":1
		}

	},
	{
		"id":"specialization",
		"desc":"specialize in a school of magic",
		"require":"g.lore>999",
		"unused":true,
		"max":1,
		"cost":{
			"tomes":1,
			"arcana":1,
			"gold":300
		},
		"choice":{

			"target":"t_school",
			"mod":{
				"max":2,
				"rate":"2%"
			}

		}

	},
	{

		"id":"crystalmind",
		"name":"crystal mind",
		"max":3,
		"desc":"expend your research to enhance your mental fortitude.",
		"require":"tier0",
		"warn":true,
		"cost":{
			"research.max":25,
			"mana":5
		},
		"mod":{
			"divination.max":1,
			"mana.max":1,
			"lore.max":1
		}

	},
	{

		"id":"occultendure",
		"name":"occult endurance",
		"max":3,
		"desc":"expend your research to discover new sources of stamina.",
		"require":"tier1",
		"warn":true,
		"cost":{
			"research.max":25,
			"mana":5
		},
		"mod":{
			"stamina.max":1,
			"stamina.rate":"0.12+1%"
		}

	},
	{

		"id":"arcanebody",
		"name":"arcane body",
		"max":1,
		"desc":"expend your research to enhance your durability.",
		"require":"g.lore>=7&&g.tier0>0",
		"warn":true,
		"cost":{
			"research.max":25,
			"mana":5
		},
		"mod":{
			"hp.max":2
		}

	},
	{

		"id":"arcanebody2",
		"name":"greater arcane body",
		"max":3,
		"desc":"magic over matter",
		"require":"g.tier4>0",
		"warn":true,
		"cost":{
			"arcana":10,
			"research.max":50
		},
		"mod":{
			"hp.rate":0.25
		},"flavor":"magic over matter"

	},
	{
		"id":"innerlight",
		"name":"inner light",
		"require":"(g.oracle+g.seer)>0&&g.divination>=8",
		"desc":"A light in the darkness",
		"cost":{
			"research":500,
			"lightgem":10,
			"arcana":2
		},
		"mod":{
			"composure.max":1,
			"lightlore.rate":"10%",
			"hp.rate":0.3,
			"player.resist.light":5
		}
	},
	{
		"id":"forewarned",
		"require":"(g.seer+g.oracle)>0&&g.divination>=12",
		"desc":"all these things have I expected, and more...",
		"cost":{
			"lightgem":20,
			"research":800,
			"arcana":3
		},
		"mod":{
			"composure.max":1,
			"player.defense":2,
			"dodge":2
		}

	},
	{
		"id":"truesight",
		"require":"(g.seer+g.oracle)>0&&g.tier4>0",
		"desc":"Immunity to mortal deceptions.",
		"cost":{
			"tomes":5,
			"research":1000,
			"arcana":4
		},
		"warn":true,
		"disable":"trickery",
		"mod":{
			"composure.max":1,
			"lightlore.max":1,
			"scrying.max":1,
			"divination.max":1,
			"lightlore.rate":"5%",
			"player.tohit":2,
			"player.defense":2,
			"dodge":2
		}

	},
	{
		"id":"fatalist",
		"require":"(g.seer+g.oracle)>0&&g.tier5>0&&g.truesight>0",
		"desc":"The guiding hand of fate.",
		"cost":{
			"tomes":20,
			"research":2000,
			"arcana":5
		},
		"mod":{
			"lightlore.max":2,
			"lightlore.rate":"10%",
			"divination.max":1,
			"scrying.max":1,
			"player.tohit":3,
			"player.defense":3,
			"dodge":3
		},"flavor":"gods do not play dice"

	},

	{
		"id":"celerity",
		"require":"g.tier1>0&&g.arcanebody>0",
		"desc":"ancient spellcasters often move with preternatural speed.",
		"max":3,
		"warn":true,
		"cost":{
			"sp":2,
			"research":500
		},
		"mod":{
			"speed":1
		}

	},
	{
		"id":"infusedbody",
		"name":"infused body",
		"desc":"increases the effectiveness of arcane body",
		"max":1,
		"require":"tier2",
		"cost":{
			"tomes":10,
			"bloodgem":5
		},"mod":{
			"arcanebody.mod.hp.max":2
		}
	},
	{

		"id":"chirography",
		"desc":"improve the efficacy of your scrolls by meticulous attention to penmanship.",
		"require":"g.lore>12",
		"cost":{
			"research":700,
			"mana":10
		},
		"mod":{
			"scrolls.mod.research.max":0.5
		}
	},
	{

		"id":"magicskull",
		"name":"magic skull",
		"require":"g.necromancer>0||g.witch>0",
		"desc":"An ordinary human skull, infused with necromantic magicks.",
		"max":1,
		"cost":{
			"skulls":1,
			"gems":2,
			"research":500
		},
		"mod":{

			"shadowlore.max":1,
			"shadowlore.rate":0.3,
			"shadow.rate":0.01,
			"spiritlore.max":1,
			"spiritlore.rate":0.3

		}, "flavor":"I knew him well"

	},
	{
		"id":"voidtouch",
		"name":"touching the void",
		"require":"g.voidlore>=7",
		"desc":"Beyond the sphere of the planes lies a great void. Of its powers and dangers, the books are silent.",
		"cost":{
			"research":10000,
			"tomes":30
		},
		"warn":true,
		"mod":{
			"void.rate":0.01,
			"stamina.rate":-0.5,
			"voidlore.max":3,
			"voidlore.rate":0.5
		}
	},
	{
		"id":"pursuit",
		"name":"favored pursuit",
		"desc":"Mark an activity as a pursuit to return to in idle moments.",
		"require":"g.tier2>0",
		"cost":{
			"research":3000,
			"arcana":10
		},
		"mod":{
			"pursuits.max":1
		},
		"flavor":"monomaniacal pursuits are characteristic of all true masters."
	},
	{

		"id":"somnambulist",
		"desc":"A wizard's dreams are full as waking hours.",
		"require":"g.dreamchamber>0&&g.tier5>0",
		"cost":{
			"dreams":1,
			"tempus":5
		},
		"mod":{
			"dreams.rate":0.0001,
			"bed.mod.runner.max":1
		},"flavor":"Every second of the night I live another life."
	},
	{
		"id":"demonicpact",
		"name":"demonic pact",
		"require":"g.demonology>4",
		"desc":"A deal with a demon, sealed in blood. The knowledge offered is worth twice the price.",
		"cost":{
			"research":300,
			"arcana":1,
			"gems":10,
			"hp":20
		},
		"mod":{
			"lore.max":2,
			"demonology.max":2,
			"demonology.rate":0.3,
			"planeslore.max":1
		}, "flavor":"and they say the blood has to be yours."
	},
	{
		"id":"siversgate",
		"name":"siver's gate",
		"desc":"siver knew true power comes only at great cost",
		"require":"g.lore>=30&&g.tier4>0",
		"cost":{
			"research":4000,
			"shadowgem":15,
			"spiritgem":15,
			"arcana":10,
			"tomes":3
		},
		"warn":true,
		"mod":{
			"hp.rate":-1.5,
			"player.defense":30,
			"stamina.rate":-0.5,
			"sp.rate":0.0001,
			"planeslore.max":2,
			"shadowlore.max":2,
			"reanimation.max":2,
			"lore.max":1,
			"demonology.max":3,
			"demonology.rate":"10%",
			"spiritlore.max":2,
			"spirit.rate":0.3
		},"flavor":"to stand before it would kill most men. to step beyond..."
	},
	{

		"id":"up_pitcher",
		"name":"bottomless pitcher",
		"tags":"watersource",
		"desc":"unlimited source of water.",
		"flavor":"all you can drink",
		"require":"g.water.max>=10",
		"cost":{
			"research":200,
			"watergem":1,
			"water":5,
			"arcana":1
		},
		"mod":{
			"waterlore.max":1,
			"waterlore.rate":0.2,
			"water.rate":0.1
		}

	},
	{

		"id":"evanescence",
		"name":"evanescence",
		"tags":"airsource",
		"desc":"Like you don't exist at all",
		"require":"g.air.max>=8",
		"cost":{
			"research":300,
			"air":5,
			"airgem":3,
			"arcana":2
		},
		"mod":{
			"dodge":2,
			"airlore.max":2,
			"airlore.rate":0.2,
			"air.rate":0.05
		},"flavor":"the nothing you've become"

	},
	{
		"id":"autonomicmending",
		"name":"autonomic mending",
		"require":"g.anatomy>=5&&g.tier0>0",
		"desc":"train your body to heal on its own.",
		"max":1,
		"cost":{
			"research":300,
			"mana":10,
			"bloodgem":5,
			"codices":5
		},
		"mod":{
			"hp.rate":0.5
		},"flavor":"i've had worse"
	},
	{
		"id":"earthworks",
		"desc":"Strong walls around your home, to deter unwise attackers",
		"require":"g.geosculpting>=5",
		"max":2,
		"cost":{
			"gold":300,
			"research":250
		},
		"mod":{
			"geosculpting.max":1,
			"player.defense":5
		},
		"flavor":"Doubles as a burial mound"
	},
	{
		"id":"coretap",
		"name":"Core tap",
		"desc":"tap the world's core for endless heat",
		"require":"g.earthshaker>0&&g.geosculpting>=6",
		"max":1,
		"cost":{
			"gold":5000,
			"research":4000,
			"earthrune":5
		},
		"mod":{
			"firelore.max":3,
			"earthlore.max":3,
			"geosculpting.max":1,
			"earth.rate":0.2,
			"fire.rate":0.2
		}
	},
	{
		"id":"tamedroads",
		"name":"tamed pathway",
		"require":"g.geomancer>0&&g.dist>=200",
		"desc":"Train the roads around your home to behave.",
		"cost":{
			"gold":3000,
			"earthgem":5,
			"earth":10
		},
		"mod":{
			"dist":100
		},
		"flavor":"those good boys are perfect for keeping unwanted guests away"
	},
	{
		"id":"hiddenchamber",
		"name":"hidden chamber",
		"desc":"A place to meditate in solitude, deep beneath the earth",
		"require":"g.geosculpting>0",
		"max":1,
		"cost":{
			"gold":500,
			"research":500,
			"earthgem":5
		},
		"mod":{
			"concentrate.max":1
		}
	},
	{
		"id":"expandedlungs",
		"name":"expansive lungs",
		"desc":"All the air you require.",
		"require":"(g.windmage+g.stormcaller+g.avatar)>0",
		"cost":{
			"arcana":1,
			"airgem":50
		},
		"mod":{
			"self.resist.water":5,
			"airlore.rate":"10%",
			"breath.max":10,
			"breath.rate":0.5
		}

	},
	{
		"id":"waterbreathing",
		"name":"water breathing",
		"desc":"Water is as air to you.",
		"require":"(g.hydromancer+g.stormcaller+g.avatar)>0",
		"cost":{
			"arcana":1,
			"sp":1,
			"watergem":100
		},
		"mod":{
			"self.resist.water":10,
			"waterlore.rate":"10%",
			"breath.max":"100%",
			"breath.rate":5
		}
	},
	{
		"id":"rockcollection",
		"name":"minerals collection",
		"desc":"Sorted by hardness.",
		"require":"geomancer",
		"max":3,
		"cost":{
			"gold":500,
			"research":1000
		},
		"mod":{
			"hammerlore.max":1
		},
		"flavor":"A fantastic way to test your strength"
	},
	{
		"id":"artificialmountain",
		"name":"raise mountain",
		"desc":"Leave your mark on this world",
		"require":"earthshaker",
		"max":1,
		"cost":{
			"gold":5000,
			"research":7500,
			"earthrune":10
		},
		"mod":{
			"gems.rate":0.1,
			"act_mine.effect.gems":0.1,
			"player.fame":5,
			"hammerlore.max":2,
			"geosculpting.max":2
		}
	},
	{
		"id":"constructquarry",
		"name":"magic quarry",
		"desc":"A rocky escarpment to conduct your excavations more efficiently.",
		"require":"geosculpting",
		"max":3,
		"cost":{
			"gold":1500,
			"research":2000,
			"earthgem":20
		},
		"mod":{
			"act_mine.effect.gems":0.1,
			"hammerlore.max":1
		}
	},
	{
		"id":"mythicanvil",
		"name":"mythic anvil",
		"desc":"Made of mythical metals, this anvil can withstand even a titan's power",
		"require":"titan",
		"max":1,
		"cost":{
			"gold":10000,
			"research":15000,
			"tomes":100,
			"earthrune":50
		},
		"mod":{
			"hammerlore.max":2,
			"geosculpting.max":2,
			"crafting.max":2
		}
	},
	{
		"id":"undertunnels",
		"name":"subterranean pathways",
		"desc":"A twisting maze of indistinguishable passages spanning your domain.",
		"require":"g.geosculpting>=10",
		"max":1,
		"cost":{
			"gold":5000,
			"research":10000,
			"earthrune":1
		},
		"mod":{
			"dist":"25%"
		}
	},
	{

		"id":"innerfire",
		"name":"inner fire",
		"tags":"firesource",
		"desc":"your body is a source fire.",
		"flavor":"all you can drink",
		"require":"g.fire.max>=10",
		"cost":{
			"research":300,
			"fire":5,
			"firegem":1,
			"arcana":1
		},
		"mod":{
			"player.bonuses.fire":2,
			"firelore.max":1,
			"firelore.rate":0.2,
			"fire.rate":0.05
		}

	},
	{

		"id":"earthsoul",
		"name":"earth soul",
		"tags":"earthsource",
		"desc":"your body is tuned to the earth.",
		"require":"g.earth.max>=10",
		"cost":{
			"research":300,
			"earth":5,
			"earthgem":1,
			"arcana":1
		},
		"mod":{
			"stamina.max":2,
			"stamina.rate":0.1,
			"earthlore.max":2,
			"earthlore.rate":0.2,
			"earth.rate":0.1
		}
	},
	{

		"id":"heartofstone",
		"name":"heart of stone",
		"tags":"earthsource",
		"desc":"ruthless as the barren earth",
		"require":"g.geomancer>0||g.earth.max>=25",
		"cost":{
			"research":300,
			"earth":5,
			"earthgem":10,
			"arcana":5
		},
		"mod":{
			"player.bonuses.earth":7,
			"stamina.max":1,
			"earthlore.max":1,
			"earthlore.rate":"10%",
			"earth.rate":0.1
		}
	},
	{
		"id":"airglobe",
		"name":"swirling globe",
		"tags":"airsource",
		"desc":"an unending supply of air.",
		"flavor":"out of nothing at all",
		"require":"g.air.max>=5",
		"cost":{
			"research":300,
			"air":5,
			"airgem":1,
			"arcana":1
		},
		"mod":{
			"airlore.max":1,
			"airlore.rate":0.2,
			"air.rate":0.05
		}
	},
	{
		"id":"bellows",
		"name":"ceaseless bellows",
		"desc":"these bellows run on their own.",
		"require":"g.crafting>=7&&g.air>0",
		"cost":{
			"gold":250,
			"research":300
		},
		"mod":{
			"crafting.max":1,
			"crafting.rate":0.1,
			"alchemy.max":1,
			"alchemy.rate":0.1
		}

	},
	{
		"id":"mendicant",
		"desc":"Sacrifice luxury for higher attainments.",
		"need":"g.evil<=0&&g.gold.max>1000&&g.light.max>7",
		"warn":true,
		"mod":{
			"fame":10,
			"gold.max":"-10%",
			"spiritlore.max":2,
			"spiritlore.rate":0.5,
			"lightlore.max":2,
			"lightlore.rate":0.5
		}

	},
	{
		"id":"innersanctum",
		"name":"inner sanctum",
		"need":"g.mendicant>0&&g.truesight>0",
		"desc":"The halls of the mind are without limits.",
		"cost":{
			"lightgem":5,
			"research":5000
		},
		"mod":{
			"space.max":"10%"
		}

	},
	{
		"id":"alembic",
		"desc":"essential instrument in alchemical distilling",
		"require":"g.tier0>0&&g.alchemy>=3",
		"cost":{
			"gold":150,
			"research":100
		},
		"mod":{
			"potions.max":1,
			"potions.rate":0.2
		}

	},
	{
		"id":"solidifier",
		"name":"crystal solidifier",
		"require":"g.alchemy>=7",
		"cost":{
			"research":500,
			"codices":10
		},
		"mod":{
			"gems.rate":0.02,
			"gold.rate":-0.1
		}

	},
	{
		"id":"wildmarket",
		"name":"goblin market",
		"require":"(g.druid+g.fey+g.kell)>0",
		"desc":"Sell your bounty to a magic market in the wild",
		"cost":{
			"herbs":50,
			"research":3000,
			"naturegem":10
		},
		"mod":{
			"herbs.rate":-0.5,
			"gold.rate":0.2
		}

	},
	{
		"id":"crucible",
		"name":"fine crucible",
		"desc":"resiliant vessel for melting substances",
		"require":"g.tier0>0&&g.alchemy>0",
		"cost":{
			"gold":150
		},
		"mod":{
			"alchemy.rate":0.1,
			"alchemy.max":1,
			"fire.rate":0.02
		}

	},
	{
		"id":"pot",
		"name":"cooking pot",
		"desc":"standard cooking pot.",
		"tags":"potsource",
		"need":"firesource",
		"flavor":"boil things, mash things, stick 'em in a stew.",
		"cost":{
			"gold":25
		},
		"mod":{
			"rest.effect.stamina":0.1
		}

	},
	{
		"id":"cauldron",
		"name":"cauldron",
		"desc":"Like a cooking pot, but larger.",
		"tags":"potsource",
		"require":["tier1","firesource"],
		"disable":"pot",
		"cost":{
			"gold":150
		},
		"flavor":"fire burn and cauldron bubble",
		"mod":{
			"potions.rate":0.2,
			"rest.effect.stamina":0.12,
			"spirit.rate":0.01
		}

	},
	{
		"id":"bagoftricks",
		"name":"bag of tricks",
		"tags":"tricksource",
		"require":"g.trickster>0&&g.crafting>=7",
		"cost":{
			"research":100,
			"codices":1,
			"gold":200
		},
		"mod":{
			"gold.max":50,
			"trickery.max":1,
			"trickery.rate":0.3,
			"gold.rate":0.01
		}
	},
	{
		"id":"cellar",
		"desc":"add a cellar to your domicile",
		"require":"tier1",
		"max":1,
		"cost":{
			"gold":500
		},
		"mod":{
			"space.max":5
		}
	},
	{

		"id":"expandcellar",
		"name":"expanded cellars",
		"desc":"Increase the size of your existing cellars.",
		"require":"cellar",
		"cost":{
			"gold":700
		},
		"mod":{
			"cellar.mod.space.max":5
		}
	},
	{
		"id":"siegeperilous",
		"name":"siege perilous",
		"desc":"the fabled seat of destiny",
		"require":"g.fame>=10",
		"cost":{
			"gold":4000,
			"gems":30
		},
		"mod":{
			"fame":1,
			"allies.max":4,
			"minions.max":2,
			"lightlore.max":2,
			"lightlore.rate":"10%"
		}

	},
	{
		"id":"up_runecrafter",
		"actname":"Hire Runecrafter",
		"name":"runecrafter",
		"desc":"Hire a dwarf to craft runestones for you.",
		"require":"g.evil<=0&&g.runelore>=5&&g.tier3>0",
		"max":5,
		"cost":{
			"gems":100
		},
		"mod":{
			"space":5,
			"gold.rate":-0.5,
			"runestones.rate":0.01
		}
	},
	{

		"id":"up_apprentice",
		"name":"apprentice",
		"desc":"Take on an apprentice to do work for you",
		"require":"tier2",
		"cost":{
			"gold":300,
			"tomes":1,
			"research":1000
		},
		"mod":{
			"space":5,
			"gold.rate":0.1,
			"scrolls.rate":0.02,
			"codices.rate":0.01,
			"tomes.rate":0.001
		},"flavor":"why does it cost money?"

	},
	{
		"id":"basement",
		"desc":"install a basement beneath your home",
		"require":"g.tier1>0&&g.earthlore>=3",
		"max":1,
		"cost":{
			"gold":1000,
			"research":500
		},
		"mod":{
			"space.max":"25%"
		}
	},
	{
		"id":"oracularinsight",
		"name":"oracular insight",
		"require":"oracle",
		"desc":"You see things before they happen",
		"cost":{
			"research":300,
			"arcana":5
		},
		"mod":{
			"dodge":1
		}
	},
	{
		"id":"wizardhall",
		"name":"wizard's hall",
		"tags":"t_hall",
		"slot":"hall",
		"require":"g.tier5>0",
		"desc":"Construct a Wizard's Hall.",
		"buy":{
			"research":35000,
			"arcana":30,
			"gems":50,
			"managem":25,
			"airgem":15,
			"firegem":15,
			"earthgem":15,
			"watergem":15,
			"spiritgem":15,
			"runestones":30,
			"tomes":50,
			"gold":15000
		},
		"mod":{
			"t_runes.max":10,
			"tomes.rate":0.003,
			"sp.rate":0.0001,
			"evt_hall":true
		}

	},

	{
		"id":"fireplane",
		"slot":"werry",
		"name":"fire werry",
		"desc":"a hidden pocket of the plane of ash and fire",
		"require":"g.tier5>0&&g.gate>0&&g.firelore>=10",
		"buy":{

			"firerune":50,
			"gold":15000,
			"tomes":50,
			"gate":1

		},
		"mod":{
			"space.max":"30%",
			"firelore.max":2,
			"player.bonuses.water":-3,
			"water.max":-2,
			"player.resist.fire":"1+10%",
			"player.bonuses.fire":5
		}
	},
	{
		"id":"waterplane",
		"name":"water werry",
		"slot":"werry",
		"desc":"a pocket of the endless sea",
		"require":"g.tier5>0&&g.gate>0&&g.waterlore>=10",
		"buy":{

			"waterrune":50,
			"gold":15000,
			"tomes":50,
			"gate":1

		},
		"mod":{
			"space.max":"30%",
			"waterlore.max":2,
			"player.bonuses.fire":-3,
			"fire.max":-2,
			"player.resist.water":"1+10%",
			"player.bonuses.water":5
		}
	},
	{
		"id":"earthplane",
		"name":"earth werry",
		"desc":"a space carved from the plane of earth",
		"slot":"werry",
		"require":"g.tier5>0&&g.gate>0&&g.earthlore>=10",
		"buy":{

			"earthrune":50,
			"gold":15000,
			"tomes":50,
			"gate":1

		},
		"mod":{
			"space.max":"30%",
			"earthlore.max":2,
			"player.bonuses.air":-3,
			"air.max":-2,
			"player.resist.earth":"1+10%",
			"player.bonuses.earth":5
		}
	},
	{
		"id":"airplane",
		"name":"wind werry",
		"desc":"an island floating in an endless sky",
		"slot":"werry",
		"require":"g.tier5>0&&g.gate>0&&g.airlore>=10",
		"buy":{

			"airrune":50,
			"gold":15000,
			"tomes":50,
			"gate":1

		},
		"mod":{
			"space.max":"30%",
			"airlore.max":2,
			"player.bonuses.earth":-3,
			"earth.max":-2,
			"player.resist.air":"1+10%",
			"player.bonuses.air":5
		}
	}


]
