[
    { "id":"shortsword", "attack":{ "kind":"slash", "damage":"1~3" }, "cost":30, "level":1 },
	{ "id":"club", "attack":{ "kind":"blunt", "damage":1 }, "cost":15, "level":0 },
	{ "id":"cane", "attack":{ "kind":"blunt", "damage":1 }, "cost":15, "level":1,
		"enchants":2 },
	{ "id":"knife", "attack":{ "kind":"pierce", "damage":1 }, "cost":20, "level":0,
		"enchants":2
	},
	{ "id":"staff",
		"attack":{ "kind":"blunt", "damage":"1~2" }, "cost":25, "level":1,
		"hands":2,
		"enchants":6 },
	{ "id":"broomstick",
		"only":"wood",
		"attack":{ "kind":"blunt", "damage":1 }, "cost":20,
			"level":0,
			"enchants":4
	},
	{
		"id":"wand",
		"tags":"magic",
		"cost":10,
		"hands":1,
		"level":0,
		"enchants":4,
		"properties":1
	},
	{
		"id":"rod",
		"tags":"magic",
		"cost":30,
		"hands":1,
		"level":4,
		"enchants":5,
		"properties":1
	},
	{
		"id":"fetish",
		"tags":"magic",
		"cost":100,
		"hands":1,
		"level":5,
		"only":"wood,natural",
		"enchants":5,
		"properties":1
	},
	{
		"id":"weap_orb",
		"name":"orb",
		"desc":"A focus for your magic.",
		"tags":"magic",
		"cost":100,
		"hands":2,
		"level":8,
		"enchants":6,
		"only":"glass,ruby",
		"properties":1
	},
	{
		"id":"greatstaff",
		"tags":"magic",
		"cost":50,
		"hands":2,
		"level":6,
		"enchants":12,
		"properties":1
	},
	{ "id":"dagger", "attack":{ "kind":"pierce", "damage":1}, "cost":20, "level":1,"enchants":2 },
	{
		"id":"sword", "attack":{ "kind":"slash", "damage":"1~4"}, "cost":50, "hands":2, "level":3,
		"enchants":1},
	{ "id":"longsword", "attack":{ "kind":"slash", "damage":"2~4"}, "cost":50, "hands":2, "level":3,
		"enchants":3 },

    { "id":"axe", "attack":{ "kind":"slash", "damage":"1~2"}, "cost":40, "level":1 },
	{ "id":"battleaxe", "attack":{ "kind":"slash", "damage":"1~3"}, "cost":50, "hands":2, "level":2 },

	{ "id":"mace", "attack":{ "kind":"blunt", "damage":"1~2"}, "cost":30, "hands":1, "level":3,
	"enchants":2 },

	{ "id":"warhammer", "attack":{ "kind":"blunt", "damage":"1~4"}, "cost":50, "hands":2, "level":3 },
    {
			"id":"spear", "attack":{ "kind":"pierce", "damage":"1~3"}, "cost":30, "hands":2, "level":2,
			"enchants":2
	}

]