{
	"module":"combat_tutorial",
	"sym":"⚔️",
	"data":{
    "dungeons":[
      {
        "id":"traininggrounds",
        "name":"training grounds",
        "title":"certified",
        "distance":1,
        "length":20,
        "locked":false,
        "boss":{
          "1":"stddummy",
          "2":"noweapondummy",
          "3":"weapondummy",
          "4":"dodgydummy",
          "5":"armorydummy",
          "20":"instructor"
        },
        "spawns":["dummy"]
      }
    ],
    "monsters":[
      {
        "id":"stddummy",
        "name":"dummy1",
        "desc":"even fists would do",
        "level":0,
        "speed":-10,
        "hp":10,
        "attack":{
          "log":{
            "name":"hit me!",
            "desc":"harder, HARDER I said"
          }
        }
      },
      {
        "id":"noweapondummy",
        "name":"hard dummy",
        "desc":"fists don't work against this guy",
        "level":0,
        "speed":-10,
        "hp":5,
        "immune":"physical",
        "attack":{
          "log":{
            "name":"Spells",
            "desc":"use your magic missile, from spellpage bind as quickslot or add to memorized"
          }
        },
        "loot":{
                    "id":"trainingdagger",
                    "name":"dagger",
                    "level":0,
                    "tohit":4,
                    "type":"weapon",
                    "material":"wood",
                    "attack":{
                      "kind":"slash",
                      "dmg":"1~2"
                    }
                  }
      },
      {
        "id":"weapondummy",
        "name":"spellabsorber",
        "desc":"Use a weapon for this guy",
        "level":0,
        "speed":-10,
        "hp":5,
        "immune":"force,blunt",
        "attack":{
          "log":{
            "name":"Use your weapon",
            "desc":"Go to the tab Equip and find the wood dagger and equip it"
          }
        },
        "loot":{
                    "id":"trainingdart",
                    "name":"homing dart",
                    "level":0,
                    "tohit":100,
                    "type":"weapon",
                    "material":"wood",
                    "attack":{
                      "kind":"piercing",
                      "dmg":1
                    }
                }
      },
      {
        "id":"dodgydummy",
        "name":"dodging dummy",
        "desc":"any normal means of attack is useless",
        "level":0,
        "hp":1,
        "speed":-10,
        "dodge":30,
        "attack":{
          "log":{
            "name":"Can't hit me",
            "desc":"Use the homing dart to hit this obnoxious dummy"
          }
        },
        "loot":{
                      "id":"traininghammer",
                      "name":"hammer",
                      "level":0,
                      "tohit":-10,
                      "type":"weapon",
                      "material":"wood",
                      "attack":{
                        "kind":"blunt",
                        "dmg":"2~3"
                      }
                    }
      },
      {
        "id":"armorydummy",
        "name":"armored dummy",
        "desc":"any normal attack leaves no mark",
        "dodge":-30,
        "hp":10,
        "speed":-10,
        "defense":20,
        "resist":{
          "blunt":-50
        },
        "attack":{
          "log":{
            "name":"Use your hammer",
            "desc":"only the hammer could leave a dent at this iron chunk"
          }
        }
      },
      {
        "id":"instructor",
        "desc":"Is he toying with you?",
        "dodge":4,
        "hp":50,
        "speed":3,
        "attack":{
          "name":"mockery",
          "dmg":"0~2",
          "type":"slashing",
          "log":[{
      			"%":"10%",
      			"desc":"Having a spell in memorized and a weapon in hand is most effective"
      		},
      		{
      			"%":"10%",
      			"desc":"casting spells manually makes for an easy combat"
      		},
      		{
      			"%":"10%",
      			"desc":"memorizing a good combination of buffs and attack spells increases survivability"
      		}]
        }
      },
      {
        "id":"dummy",
        "desc":"can't even hit back",
        "dodge":-10,
        "defense":3,
        "hp":10,
        "speed":-10
      }
    ]
  }
}
