{
	"module":"legacy",
	"data":{

		"materials": [{
			"id":"crimsonice",
			"priceMod":20,
			"tohit":10,
			"bonus":3,
			"kind":"ice",
			"level":5
		}, {
			"id":"coldsteel",
			"kind":"metal",
			"priceMod":30,
			"tohit":9,
			"enchants":4,
			"bonus":7,
			"level":5
		}, {
			"id":"permafrost",
			"priceMod":80,
			"bonus":10,
			"tohit":11,
			"kind":"ice",
			"level":7
		}
	],
		"rares":[
			{
				"id":"iceorb",
				"name":"orb of winters",
				"desc":"A snowglobe with magical powers. It reminds you of colder days.",
				"level":10,
				"save": true,
				"unique": true,
				"type":"weapon",
				"tohit":5,
				"cost":{
					"gold":100
				},
				"attack":{
					"name":"blizzard",
					"damage":"5~12",
					"kind":"water",
					"targets":"enemies",
					"dot":{
						"duration":20,
						"kind":"water",
						"dmg":"5~12",
						"mod":{
							"speed": -5
						}
					}
				},
				"mod":{
					"ice.rate":"20%",
					"ice.max":"20%",
					"icelore.rate":2,
					"water.rate":"20%",
					"water.max":"20%",
					"waterlore.rate":2,
					"fire.rate":"-80%",
					"fire.max":"-80%"
				}
			  }

		]

	}

}