{
	"module":"sackmakers",
	"data":{

		"materials":[
			{ "id":"sackcloth", "kind":"cloth", "priceMod":10, "bonus":3, "level":8,
				"noproc":true,
				"exclude":["weapon"],
				"mod":{
					"bloodgem.max":1,
					"magicgems.max":1,
					"gold.max":10
				}
			}
		],
		"dungeons":[
			{
				"id":"sackguild",
				"name":"guild of the sack makers",
				"require":"(g.demonbag+g.bloodbag+g.bagofholding)>0",
				"level":20,
				"run":{
					"stamina":5
				},
				"title":"Guild Breaker",
				"start":{

					"name":"Guild Practices",
					"desc":"Your unauthorized construction of pouches has sparked the ire of the Guild of Sackmakers."

				},
				"length":250,
				"boss":"sackmaster",
				"enemies":[
					"rumpelstiltskin",
					"sackweaver",
					"pouchmerchant",
					"m_gemcutter",
					["sackenforcer","sackthug","sackthug"],
					["irongolem","irongolem","sackenforcer"],
					"sackjman",
					"greendragon",
					["burlapgolem","burlapgolem","burlapgolem"],
					["sackthug","sackthug"]
				]

			}

		],
		"monsters":[
			{
				"id":"rumpelstiltskin",
				"desc":"A strange imp that spins magic threads.",
				"level":23,
				"unique":true,
				"hp":900,
				"spells":"apiary,whirl3,perfectstrike",
				"attack":{
					"name":"wooden cane",
					"kind":"blunt",
					"dmg":"40~100"
				}
			},
			{
				"id":"sackapprentice",
				"name":"sackmaker apprentice",
				"desc":"They have no respect for wizard apprentices.",
				"level":2,
				"hp":50,
				"attack":{
					"name":"sewing needle",
					"dmg":"5~10"
				}

			},
			{
				"id":"sackthug",
				"name":"guild thug",
				"desc":"The guild's policies on unauthorized pouch sales are strictly enforced.",
				"flavor":"",
				"level":10,
				"hp":70,
				"attack":{
					"name":"sand bag",
					"kind":"blunt",
					"dmg":"10~20"
				}

			},
			{
				"id":"sackenforcer",
				"name":"sack guild enforcer",
				"desc":"",
				"flavor":"",
				"level":17,
				"attack":{

					"dmg":"30~40"
				}
			},
			{
				"id":"m_gemcutter",
				"name":"gem cutter",
				"level":18,
				"flavor":"The guild sells its gems cheaply. Now if you want a place to store them...",
				"hp":400,
				"attack":[
					{
						"name":"precision cut",
						"kind":"slash",
						"tohit":30,
						"dmg":"30~40"
					}

				],"loot":{
					"gems":"5~10"
				}
			},
			{
				"id":"pouchmerchant",
				"name":"pouch merchant",
				"desc":"The guild hires merchants to drain gold from the pouches of others.",
				"level":14,
				"speed":20,
				"hp":300,
				"attack":{
					"name":"transfer gold",
					"result":{
						"gold":"-100~-200"
					}
				},"immune":"charm"

			},
			{
				"id":"burlapgolem",
				"name":"burlap golem",
				"desc":"Woven golem filled with heavy sand",
				"level":14,
				"noproc":true,
				"hp":400,
				"attack":{
					"name":"sand punch",
					"kind":"earth",
					"dmg":"20~30"
				},
				"loot":{
					"material":"sackcloth"
				},"immune":"paralysis,earth"

			},
			{
				"id":"sackjman",
				"name":"sackmaker journeyman",
				"desc":"Travels to towns, selling the finest quality bags and pouches.",
				"level":16,
				"hp":75,
				"attack":{
					"name":"punch",
					"dmg":"40~50"
				},
				"loot":{
					"material":"sackcloth"
				}

			},
			{
				"id":"sackweaver",
				"level":19,
				"hp":400,
				"attack":[

					{
						"dot":{
							"id":"sacked",
							"name":"weave sack",
							"duration":10
						}
					},
					{
						"name":"magic needle",
						"kind":"pierce",
						"dmg":"20~30"
					}
				],
				"desc":"Uses flows of magic to weave bags for sale.",
				"flavor":""
			},
			{
				"id":"sackmaster",
				"name":"sackmaker's lodge master",
				"desc":"",
				"level":20,
				"hp":900,
				"spells":"mk_burlapgolem",
				"attack":{
					"name":"adamant needle",
					"kind":"pierce",
					"dmg":"40~75"
				}

			}

		],
		"spells":[

			{
				"id":"mk_burlapgolem",
				"name":"create burlap golem",
				"school":"conjuring",
				"require":"g.sackguild>=50",
				"level":19,
				"buy":{
					"arcana":10,
					"tomes":10
				},
				"cost":{
					"mana":20
				},
				"result":"burlapgolem"
			}

		]

	}

}